partition,seed,scenario,prevalence,auprc_hour,auroc_hour,auprc_patient,auroc_patient,physionet_utility_observed_segment,n_predictions,n_hourly_all_beds,n_patients,n_updates,return,time_s,peak_ram_mb,covariate_detection_day,concept_detection_day,drift_detection_day,checkpoint
b_train,42.0,clean,0.013174603174603174,0.019813402927265154,0.5359566735253706,0.0401847498379989,0.5452753947394031,-0.7070330324372555,50400,100800,1405,9,-1.840874756311654,3.289974273000041,18.176332473754883,,9.0,9.0,
b_train,42.0,measurement,0.013174603174603174,0.019610139432662183,0.5512941009251741,0.03682861379461987,0.5484721061527175,-0.6011804384485641,50400,100800,1405,8,-1.9814247223011607,3.606929378000018,19.30706024169922,,9.0,9.0,
b_train,42.0,label,0.01648809523809524,0.0262089721091491,0.5634060183620353,0.04988446875439008,0.5606840507244016,-0.5698469934704214,50400,100800,1405,9,-1.9098713611610423,3.2824983980001434,17.047889709472656,,9.0,9.0,
b_train,42.0,combined,0.01648809523809524,0.022661130467501477,0.5529941258509969,0.04090506597144272,0.5572603088140848,-0.5668794464477148,50400,100800,1405,10,-2.3210541071208133,4.291402672000174,19.306917190551758,,9.0,9.0,
b_train,43.0,clean,0.015833333333333335,0.01622048697240544,0.4821020561766902,0.029785250746117375,0.49057254238516657,-0.3163423475978163,50400,100800,1399,8,-2.1162417492748395,3.486826643000029,20.4331111907959,,,,
b_train,43.0,measurement,0.015833333333333335,0.017184036394488796,0.48719762947144485,0.030230653138187128,0.49655711286772,-0.2597274886453618,50400,100800,1399,6,-1.728851213708298,2.5546053130000814,15.921605110168457,,,,
b_train,43.0,label,0.019642857142857142,0.027177647278627797,0.5182150282423507,0.047721378411618096,0.5400649248659777,-0.3508535784635591,50400,100800,1399,12,-2.470312384697318,3.7213621430001353,18.176586151123047,,14.0,14.0,
b_train,43.0,combined,0.019642857142857142,0.02268431383511812,0.5266307580970605,0.03624586034340956,0.5199721665507373,-0.2906188443860797,50400,100800,1399,13,-2.99114804553521,4.290069159000268,21.563380241394043,,14.0,14.0,
b_train,44.0,clean,0.016170634920634922,0.024913705924948314,0.5608182144931768,0.054369637403095916,0.5727689871605606,-0.35545952525867275,50400,100800,1387,9,-1.8450790276671154,3.485743063999962,13.662803649902344,,,,
b_train,44.0,measurement,0.016170634920634922,0.023722446323177153,0.5498806350376839,0.05414390518437108,0.5565949235562123,-0.3582105903834443,50400,100800,1387,9,-1.9391596376244609,3.0836237920001395,21.563302040100098,,,,
b_train,44.0,label,0.020654761904761905,0.029329002205583612,0.5676047038304843,0.05956813272447096,0.571045591365301,-0.2910486443381179,50400,100800,1387,10,-1.9753680438580161,3.64297318499996,21.56160259246826,,16.0,16.0,
b_train,44.0,combined,0.020654761904761905,0.03160369302645186,0.5611583925716348,0.06406507057556858,0.5660795925085527,-0.34388357256778107,50400,100800,1387,13,-2.386285721817935,4.172442808000028,21.563315391540527,,16.0,16.0,
b_val,,clean,0.01363095238095238,0.029357160786291213,0.6286035848682646,0.054748285704419745,0.6293738955843795,-0.7463921018245173,50400,100800,1403,0,0.0,3.353699969466106e-05,0.0,,9.0,9.0,1.0
b_val,,measurement,0.01363095238095238,0.026155425860479708,0.6188404996353011,0.048407507889034536,0.6232868947475013,-0.8962977302424624,50400,100800,1403,0,0.0,3.4714999969764904e-05,0.0,,9.0,9.0,1.0
b_val,,label,0.016984126984126983,0.036016407485193996,0.6267000724174565,0.06094785713207758,0.6292158548919109,-0.7119413640474034,50400,100800,1403,0,0.0,3.162099983455846e-05,0.0,,9.0,9.0,1.0
b_val,,combined,0.016984126984126983,0.03370700381490335,0.6299345710449392,0.05535443299062843,0.6296178640505721,-0.8588453667126741,50400,100800,1403,0,0.0,3.1979000368664856e-05,0.0,,9.0,9.0,1.0
b_val,,clean,0.01363095238095238,0.026288513581500386,0.6229518571974312,0.05099221026292734,0.6280090957243126,-0.784198809466194,50400,100800,1403,0,-0.42635013744046274,2.1175023169997758,12.14184284210205,,9.0,9.0,2.0
b_val,,measurement,0.01363095238095238,0.02570360280771265,0.627317878860467,0.04558304267328754,0.6251298852687868,-0.8867879785123144,50400,100800,1403,0,-0.4207210292422142,2.307382834999885,12.1419038772583,,9.0,9.0,2.0
b_val,,label,0.016984126984126983,0.03187692362017811,0.6237301715005333,0.05610562571882268,0.6299397740044473,-0.7495264385321957,50400,100800,1403,0,-0.4271587582334327,2.206695628000034,12.141800880432129,,9.0,9.0,2.0
b_val,,combined,0.016984126984126983,0.03212892559555093,0.6349616328014294,0.05173269072865895,0.6315315876951869,-0.8509399838179982,50400,100800,1403,0,-0.42014683837277306,2.1155262940000057,12.1419038772583,,9.0,9.0,2.0
b_val,,clean,0.01363095238095238,0.029357160786291213,0.6286035848682646,0.054748285704419745,0.6293738955843795,-0.7463921018245173,50400,100800,1403,0,0.0,3.4637000339898805e-05,0.0,,9.0,9.0,3.0
b_val,,measurement,0.01363095238095238,0.026155425860479708,0.6188404996353011,0.048407507889034536,0.6232868947475013,-0.8962977302424624,50400,100800,1403,0,0.0,3.5745999753089563e-05,0.0,,9.0,9.0,3.0
b_val,,label,0.016984126984126983,0.036016407485193996,0.6267000724174565,0.06094785713207758,0.6292158548919109,-0.7119413640474034,50400,100800,1403,0,0.0,3.2525999927202065e-05,0.0,,9.0,9.0,3.0
b_val,,combined,0.016984126984126983,0.03370700381490335,0.6299345710449392,0.05535443299062843,0.6296178640505721,-0.8588453667126741,50400,100800,1403,0,0.0,3.416400033984246e-05,0.0,,9.0,9.0,3.0
