scenario,day,chosen,oracle,cov_stage,concept_stage,next_cov_stage,next_concept_stage,frontier,utility_A1,utility_A2,utility_A3,utility_A4,chosen_utility,oracle_utility,regret
stable,1,A1,A1,0,0,0,0,False,0.9296117877846614,0.9203452480159874,0.8754183001709994,0.8674244518746291,0.9296117877846614,0.9296117877846614,0.0
stable,2,A1,A1,0,0,0,0,False,0.9320420226119035,0.9150963364208774,0.8766038773988433,0.867538073092806,0.9320420226119035,0.9320420226119035,0.0
stable,3,A1,A1,0,0,0,0,False,0.9454644629883743,0.931408842109862,0.8855268945652846,0.8790294029956783,0.9454644629883743,0.9454644629883743,0.0
stable,4,A1,A1,0,0,0,0,False,0.9495711291884682,0.9325030124019082,0.8904392931655577,0.8899436809953045,0.9495711291884682,0.9495711291884682,0.0
stable,5,A1,A1,0,0,0,0,False,0.9366784119221825,0.9236390323944705,0.8846996836656396,0.8776817932364875,0.9366784119221825,0.9366784119221825,0.0
stable,6,A1,A1,0,0,0,0,False,0.9373597354751317,0.9236980766781705,0.8871971794982904,0.8801573286627706,0.9373597354751317,0.9373597354751317,0.0
stable,7,A1,A1,0,0,0,0,False,0.9386048332848609,0.9258478419307493,0.8918082756848861,0.8856148443086455,0.9386048332848609,0.9386048332848609,0.0
stable,8,A1,A1,0,0,0,0,False,0.9453026274658014,0.9323547506681298,0.8926146120341678,0.8836444710017424,0.9453026274658014,0.9453026274658014,0.0
stable,9,A1,A1,0,0,0,0,False,0.9352171210770538,0.9256800554640991,0.8886628308434423,0.8815282121562712,0.9352171210770538,0.9352171210770538,0.0
stable,10,A1,A1,0,0,0,0,False,0.9435481365936375,0.9340484283995281,0.8893266185681523,0.8829176191815841,0.9435481365936375,0.9435481365936375,0.0
stable,11,A1,A1,0,0,0,0,False,0.9484846672794797,0.9364333006350543,0.8974738628712924,0.892586518370266,0.9484846672794797,0.9484846672794797,0.0
stable,12,A1,A1,0,0,0,0,False,0.9402638753283382,0.9299186011572944,0.8874576275328722,0.8812086921264719,0.9402638753283382,0.9402638753283382,0.0
stable,13,A1,A1,0,0,0,0,False,0.9421291979593008,0.928764252283499,0.8955456664715992,0.8854788826418192,0.9421291979593008,0.9421291979593008,0.0
stable,14,A1,A1,0,0,0,0,False,0.9349477533337083,0.9122556730356486,0.8796636914040278,0.8720291921876108,0.9349477533337083,0.9349477533337083,0.0
stable,15,A1,A1,0,0,0,0,False,0.9468472355256612,0.931812896838413,0.8918076207241507,0.88658142962649,0.9468472355256612,0.9468472355256612,0.0
covariate,1,A1,A1,0,0,0,0,False,0.9296118039309861,0.9207756489424623,0.8755053896789661,0.8694208493140807,0.9296118039309861,0.9296118039309861,0.0
covariate,2,A1,A1,0,0,0,0,False,0.9320419777611604,0.9157498306561005,0.8823082060797155,0.8722037682549476,0.9320419777611604,0.9320419777611604,0.0
covariate,3,A1,A1,0,0,0,0,False,0.9454644342839558,0.9316853491445749,0.8868472378126808,0.8779715840950292,0.9454644342839558,0.9454644342839558,0.0
covariate,4,A1,A2,0,0,1,0,True,0.5783539938075654,0.6162371949263937,0.5674178838443203,0.5801554678815048,0.5783539938075654,0.6162371949263937,0.03788320111882837
covariate,5,A2,A2,1,0,1,0,False,0.5719317223344628,0.923625290764751,0.711134775464116,0.8720574640475358,0.923625290764751,0.923625290764751,0.0
covariate,6,A2,A1,1,0,1,0,False,0.9310877898085136,0.9237598407854443,0.8891998947338644,0.8800638479950805,0.9237598407854443,0.9310877898085136,0.0073279490230693245
covariate,7,A2,A1,1,0,1,0,False,0.9357613114533817,0.9259586431645979,0.8920977388456337,0.8834790989919307,0.9259586431645979,0.9357613114533817,0.009802668288783845
covariate,8,A1,A2,1,0,2,0,True,0.6470312435235631,0.6471159196884705,0.5790734173390232,0.5904635975499535,0.6470312435235631,0.6471159196884705,8.467616490737129e-05
covariate,9,A2,A2,2,0,2,0,False,0.6546320370492125,0.9258609719955038,0.8354342081124126,0.880346466880579,0.9258609719955038,0.9258609719955038,0.0
covariate,10,A2,A1,2,0,2,0,False,0.9423438900548582,0.9347009848700424,0.8922271039126148,0.8856367317839028,0.9347009848700424,0.9423438900548582,0.007642905184815807
covariate,11,A2,A1,2,0,2,0,False,0.9471033486774881,0.936996687414556,0.8972720273129924,0.8871427585405182,0.936996687414556,0.9471033486774881,0.010106661262932137
covariate,12,A1,A4,2,0,3,0,True,0.6256536227822788,0.6195619737135254,0.6087862998064449,0.6351602311094138,0.6256536227822788,0.6351602311094138,0.009506608327135013
covariate,13,A2,A2,3,0,3,0,False,0.6338805085659738,0.9293625662342845,0.8487128510838591,0.8869336930864993,0.9293625662342845,0.9293625662342845,0.0
covariate,14,A2,A1,3,0,3,0,False,0.9265067143034083,0.9125061797518695,0.8823895128477159,0.875500591023683,0.9125061797518695,0.9265067143034083,0.014000534551538713
covariate,15,A1,A1,3,0,3,0,False,0.9373612035091906,0.9328431306059998,0.8975326585149604,0.8912119796945556,0.9373612035091906,0.9373612035091906,0.0
concept,1,A1,A1,0,0,0,0,False,0.9296119026027433,0.9200897742169915,0.8733293593653036,0.8668379163099862,0.9296119026027433,0.9296119026027433,0.0
concept,2,A1,A1,0,0,0,0,False,0.9320420244061208,0.9158274099982345,0.8793272903144912,0.8710228249118152,0.9320420244061208,0.9320420244061208,0.0
concept,3,A1,A1,0,0,0,0,False,0.9454645203974152,0.9319746619822206,0.8891675747088802,0.8783539372459358,0.9454645203974152,0.9454645203974152,0.0
concept,4,A1,A1,0,0,0,1,True,0.6321861875490291,0.5930771804622536,0.5813845233885937,0.574571551226484,0.6321861875490291,0.6321861875490291,0.0
concept,5,A3,A3,0,1,0,1,False,0.6075772057573201,0.5913952188710281,0.8813835044271816,0.8740585434978037,0.8813835044271816,0.8813835044271816,0.0
concept,6,A2,A1,0,1,0,1,False,0.921929491760449,0.9123502497792821,0.8876833663292085,0.8761184454315025,0.9123502497792821,0.921929491760449,0.009579241981166886
concept,7,A2,A1,0,1,0,1,False,0.917812444551204,0.9054284182385199,0.8801135648500203,0.8720945150958708,0.9054284182385199,0.917812444551204,0.012384026312684093
concept,8,A1,A1,0,1,0,2,True,0.8115352101341939,0.8099251691123789,0.791484763742996,0.7834867543935993,0.8115352101341939,0.8115352101341939,0.0
concept,9,A3,A3,0,2,0,2,False,0.8308537511855874,0.8213918429035816,0.8954390123236384,0.88682408961023,0.8954390123236384,0.8954390123236384,0.0
concept,10,A1,A1,0,2,0,2,False,0.9359452443046075,0.922065984873979,0.8943740302892699,0.8871690277007112,0.9359452443046075,0.9359452443046075,0.0
concept,11,A1,A1,0,2,0,2,False,0.935880247587218,0.9264630051279518,0.8910618211024903,0.8858503538605318,0.935880247587218,0.935880247587218,0.0
concept,12,A1,A1,0,2,0,3,True,0.5922902708211091,0.5879971061623469,0.540227520277584,0.5453667875520433,0.5922902708211091,0.5922902708211091,0.0
concept,13,A4,A3,0,3,0,3,False,0.5794661360613261,0.5754752595086651,0.8961528509498827,0.8871831745790342,0.8871831745790342,0.8961528509498827,0.008969676370848556
concept,14,A1,A1,0,3,0,3,False,0.9386775531730502,0.9183721068689134,0.8948208130592524,0.8890111264887968,0.9386775531730502,0.9386775531730502,0.0
concept,15,A2,A1,0,3,0,3,False,0.9375341400933291,0.9154457052443323,0.8894050324790359,0.8787724435975918,0.9154457052443323,0.9375341400933291,0.022088434848996807
combined,1,A1,A1,0,0,0,0,False,0.9296119223370948,0.919642850252438,0.8734093158002906,0.8649584144325857,0.9296119223370948,0.9296119223370948,0.0
combined,2,A1,A1,0,0,0,0,False,0.932041984937214,0.9159712824250396,0.8816201390466084,0.871937329329948,0.932041984937214,0.932041984937214,0.0
combined,3,A1,A1,0,0,0,0,False,0.9454643445822656,0.9318907766162621,0.8885276415645968,0.8794380136048237,0.9454643445822656,0.9454643445822656,0.0
combined,4,A1,A2,0,0,1,0,True,0.5783541158019049,0.6175103210352,0.5693434510914652,0.5826035075907434,0.5783541158019049,0.6175103210352,0.039156205233295105
combined,5,A2,A2,1,0,1,0,False,0.5719316146924345,0.9233905272755912,0.7115808257349614,0.8757680199583111,0.9233905272755912,0.9233905272755912,0.0
combined,6,A2,A2,1,0,1,1,True,0.6140282933113224,0.618466583758917,0.5738753724671055,0.5641837536204602,0.618466583758917,0.618466583758917,0.0
combined,7,A3,A3,1,1,1,1,False,0.5961491259870867,0.5659890902982392,0.8790497825857789,0.8684136896374508,0.8790497825857789,0.8790497825857789,0.0
combined,8,A2,A1,1,1,2,1,True,0.7684064052339328,0.7649765202297456,0.6969202239240213,0.6904551807727145,0.7649765202297456,0.7684064052339328,0.003429885004187172
combined,9,A2,A2,2,1,2,1,False,0.7871145798682513,0.9206537723165222,0.8306905817003601,0.8852292868156273,0.9206537723165222,0.9206537723165222,0.0
combined,10,A4,A1,2,1,2,2,True,0.8574465577881587,0.8508391264039489,0.790841872141325,0.7788972615450519,0.7788972615450519,0.8574465577881587,0.0785492962431068
combined,11,A3,A3,2,2,2,2,False,0.8209335596276053,0.823147865916993,0.8952513770140672,0.8836663580431019,0.8952513770140672,0.8952513770140672,0.0
combined,12,A1,A2,2,2,3,2,True,0.7299743143370914,0.7387535731547049,0.6707839715730884,0.7093370853132331,0.7299743143370914,0.7387535731547049,0.008779258817613544
combined,13,A2,A2,3,2,3,2,False,0.707795039224495,0.909541929975763,0.8208962996469684,0.8716298159047048,0.909541929975763,0.909541929975763,0.0
combined,14,A4,A1,3,2,3,3,True,0.53389347189483,0.4973642580656974,0.5008953711058577,0.48857910587974246,0.48857910587974246,0.53389347189483,0.04531436601508759
combined,15,A3,A3,3,3,3,3,False,0.561008724020406,0.5608751641044151,0.8897448261506873,0.8799485609936665,0.8897448261506873,0.8897448261506873,0.0
