episode,scenario,onset,stage_len,train_return,epsilon,lr,loss,updates,validation_return,train_count_A1,train_count_A2,train_count_A3,train_count_A4,val_count_A1,val_count_A2,val_count_A3,val_count_A4,agreement_prev,tie_agreement_prev
1,stable,6,4,13.593425563333325,1.0,0.0005,,0,,4,4,5,2,,,,,,
2,covariate,3,4,12.290347693348968,0.99,0.00049955,,0,,4,5,2,4,,,,,,
3,concept,3,4,12.706849958569718,0.9801,0.0004991,,0,,3,3,4,5,,,,,,
4,combined,5,5,11.040686758100177,0.9702989999999999,0.00049865,,0,,6,3,2,4,,,,,,
5,covariate,5,3,12.58860932107231,0.96059601,0.0004982,0.012217688374221325,12,,4,6,4,1,,,,,,
6,concept,5,4,12.578962197701939,0.9509900498999999,0.00049775,0.004411758854985237,27,,5,3,5,2,,,,,,
7,combined,3,4,11.112638266095814,0.9414801494009999,0.0004973,0.006393309682607651,42,,5,5,1,4,,,,,,
8,stable,3,4,13.690469789095651,0.9320653479069899,0.00049685,0.0036563770845532417,57,,7,4,1,3,,,,,,
9,covariate,6,3,12.644744359009614,0.92274469442792,0.0004964,0.0025644218549132347,72,,1,10,1,3,,,,,,
10,concept,6,3,12.286974164451724,0.9135172474836407,0.00049595,0.002901120111346245,87,12.723989420027452,6,5,3,1,9.0,10.0,39.0,2.0,,
11,combined,4,3,11.213261035935142,0.9043820750088043,0.0004955000000000001,0.007617252878844738,102,,2,7,4,2,,,,,,
12,covariate,5,5,12.532495069575877,0.8953382542587163,0.00049505,0.003517232835292816,117,,5,4,0,6,,,,,,
13,concept,3,5,12.199303171569115,0.8863848717161291,0.0004946,0.004833843559026718,132,,4,3,3,5,,,,,,
14,combined,6,3,12.02155465496586,0.8775210229989678,0.0004941500000000001,0.003948076628148556,147,,4,1,5,5,,,,,,
15,stable,6,4,13.617049012124934,0.8687458127689781,0.0004937,0.0051641399040818214,162,,3,5,5,2,,,,,,
16,covariate,3,5,12.40031555536908,0.8600583546412883,0.00049325,0.004071597009897232,177,,5,4,3,3,,,,,,
17,concept,5,5,12.738775459435987,0.8514577710948754,0.0004928,0.004275764338672161,192,,2,3,8,2,,,,,,
18,combined,6,4,11.728431951611425,0.8429431933839266,0.00049235,0.0055109597742557526,207,,4,4,4,3,,,,,,
19,covariate,5,3,12.525050764628244,0.8345137614500874,0.0004919,0.004304481204599142,222,,2,7,4,2,,,,,,
20,concept,6,4,12.27231837635519,0.8261686238355865,0.00049145,0.0044106487184762955,237,12.689135588692354,5,2,2,6,8.0,9.0,39.0,4.0,0.6333333333333333,0.65
21,combined,3,5,10.53303298048837,0.8179069375972307,0.000491,0.0057527050375938416,252,,7,2,5,1,,,,,,
22,stable,4,3,13.66873991604265,0.8097278682212583,0.00049055,0.003593028988689184,267,,5,4,4,2,,,,,,
23,covariate,7,3,11.022351692603493,0.8016305895390458,0.0004901,0.003034513909369707,282,,5,2,5,3,,,,,,
24,concept,6,4,12.539920841943934,0.7936142836436553,0.00048965,0.004830101504921913,297,,4,6,5,0,,,,,,
25,combined,5,3,11.893856027507587,0.7856781408072188,0.0004892,0.006488907616585493,312,,1,3,5,6,,,,,,
26,covariate,5,5,12.35722069594364,0.7778213593991465,0.00048875,0.008153345435857773,327,,3,3,3,6,,,,,,
27,concept,6,4,12.55650011690151,0.7700431458051551,0.0004883,0.008070947602391243,342,,3,2,4,6,,,,,,
28,combined,4,5,11.229161951432951,0.7623427143471035,0.00048785,0.009901264682412148,357,,3,4,4,4,,,,,,
29,stable,5,5,13.617968490882182,0.7547192872036325,0.00048740000000000003,0.010933617129921913,372,,3,5,2,5,,,,,,
30,covariate,4,5,12.639624826623683,0.7471720943315961,0.00048695,0.005939173046499491,387,13.001448891356775,5,3,2,5,34.0,11.0,7.0,8.0,0.4,0.4166666666666667
31,concept,5,3,12.7329653316616,0.7397003733882802,0.0004865,0.012691102921962738,402,,2,3,6,4,,,,,,
32,combined,6,4,11.56275438025863,0.7323033696543974,0.00048605,0.008293804712593555,417,,4,5,3,3,,,,,,
33,covariate,3,3,12.02781359647789,0.7249803359578534,0.0004856,0.00541433272883296,432,,3,4,2,6,,,,,,
34,concept,3,5,12.697257067749662,0.7177305325982748,0.00048515,0.010918162763118744,447,,5,1,5,4,,,,,,
35,combined,6,5,10.449973284274048,0.7105532272722921,0.0004847,0.014619939029216766,462,,3,7,3,2,,,,,,
36,stable,6,5,13.70678110022763,0.7034476949995692,0.00048425000000000003,0.009565567597746849,477,,7,5,1,2,,,,,,
37,covariate,7,4,12.596758694708782,0.6964132180495735,0.0004838,0.009020853787660599,492,,4,3,3,5,,,,,,
38,concept,3,5,12.06125745638442,0.6894490858690777,0.00048335,0.00962937530130148,507,,7,1,4,3,,,,,,
39,combined,5,3,12.079287543695202,0.682554595010387,0.00048290000000000003,0.02124696783721447,522,,4,2,5,4,,,,,,
40,covariate,3,4,12.479549025209806,0.6757290490602831,0.00048245,0.007760097272694111,537,12.983826893313235,1,6,5,3,13.0,31.0,10.0,6.0,0.4,0.43333333333333335
41,concept,4,3,13.03907460007963,0.6689717585696803,0.000482,0.011027825996279716,552,,7,0,6,2,,,,,,
42,combined,5,5,11.266637583902535,0.6622820409839835,0.00048155,0.013727463781833649,567,,1,5,6,3,,,,,,
43,stable,7,5,13.83520412500741,0.6556592205741436,0.0004811,0.009143888019025326,582,,10,2,0,3,,,,,,
44,covariate,3,5,11.443273309708566,0.6491026283684022,0.00048065,0.012110453099012375,597,,2,4,1,8,,,,,,
45,concept,6,3,12.138299472826011,0.6426116020847181,0.0004802,0.01500431913882494,612,,2,6,1,6,,,,,,
46,combined,5,5,12.195935872569352,0.6361854860638709,0.00047975000000000003,0.010369207710027695,627,,3,5,5,2,,,,,,
47,covariate,6,5,12.148205616353891,0.6298236312032323,0.0004793,0.007342793047428131,642,,4,2,4,5,,,,,,
48,concept,5,5,11.932081715868286,0.6235253948912,0.00047885,0.014146585017442703,657,,2,7,2,4,,,,,,
49,combined,7,3,11.773744365818628,0.617290140942288,0.00047840000000000003,0.0157061368227005,672,,3,6,3,3,,,,,,
50,stable,7,4,13.621931060989725,0.6111172395328651,0.00047795,0.022864650934934616,687,13.001820218717539,3,6,4,2,34.0,5.0,9.0,12.0,0.5166666666666667,0.5333333333333333
51,covariate,3,5,12.198015033237729,0.6050060671375365,0.0004775,0.02067219652235508,702,,2,6,4,3,,,,,,
52,concept,4,3,12.639002138527312,0.5989560064661611,0.00047705,0.016876306384801865,717,,0,5,3,7,,,,,,
53,combined,4,3,10.89129397309434,0.5929664464014994,0.0004766,0.023224057629704475,732,,6,1,6,2,,,,,,
54,covariate,5,3,12.73850895937423,0.5870367819374844,0.00047615,0.01419567409902811,747,,3,8,2,2,,,,,,
55,concept,6,5,12.529280314008002,0.5811664141181095,0.0004757,0.020018011331558228,762,,4,6,3,2,,,,,,
56,combined,5,3,11.665535378517507,0.5753547499769285,0.00047525000000000003,0.023057755082845688,777,,6,3,3,3,,,,,,
57,stable,3,5,13.671975193828022,0.5696012024771592,0.0004748,0.029140617698431015,792,,3,6,2,4,,,,,,
58,covariate,3,5,11.491340220445394,0.5639051904523876,0.00047435,0.027054039761424065,807,,5,4,2,4,,,,,,
59,concept,6,5,12.342528341522437,0.5582661385478638,0.0004739,0.033354807645082474,822,,2,4,5,4,,,,,,
60,combined,3,3,12.17567263595837,0.5526834771623851,0.00047345,0.023791979998350143,837,13.039596205680498,4,3,2,6,35.0,8.0,8.0,9.0,0.8833333333333333,0.8833333333333333
61,covariate,7,3,12.860912568155687,0.5471566423907612,0.000473,0.015135712921619415,852,,5,6,1,3,,,,,,
62,concept,5,3,12.722131919689199,0.5416850759668536,0.00047255,0.026643842458724976,867,,3,4,3,5,,,,,,
63,combined,4,3,12.105071546213301,0.536268225207185,0.00047210000000000004,0.019167454913258553,882,,1,6,4,4,,,,,,
64,stable,5,4,13.622066907765676,0.5309055429551132,0.00047165,0.03031342476606369,897,,6,4,3,2,,,,,,
65,covariate,5,5,12.462858270588447,0.525596487525562,0.0004712,0.04556336998939514,912,,3,6,1,5,,,,,,
66,concept,5,4,12.790117856079807,0.5203405226503064,0.00047075000000000003,0.03397008031606674,927,,2,4,2,7,,,,,,
67,combined,7,3,11.882835412263622,0.5151371174238033,0.0004703,0.027527647092938423,942,,1,4,7,3,,,,,,
68,covariate,6,5,12.566529742358167,0.5099857462495653,0.00046985,0.022180918604135513,957,,3,8,3,1,,,,,,
69,concept,4,3,13.023201431106004,0.5048858887870696,0.0004694,0.01279176864773035,972,,5,3,3,4,,,,,,
70,combined,5,5,12.507764299869317,0.4998370298991989,0.00046895,0.033467404544353485,987,12.99136163334552,3,6,3,3,38.0,4.0,7.0,11.0,0.8666666666666667,0.8666666666666667
71,stable,6,4,13.819126299095327,0.49483865960020695,0.0004685,0.030593564733862877,1002,,7,6,2,0,,,,,,
72,covariate,5,4,11.458510992573256,0.4898902730042049,0.00046805,0.04547755420207977,1017,,4,5,3,3,,,,,,
73,concept,4,3,12.876780021234548,0.48499137027416284,0.00046760000000000004,0.013212821446359158,1032,,6,2,4,3,,,,,,
74,combined,3,5,11.889956090482679,0.4801414565714212,0.00046715,0.04528309032320976,1047,,2,5,2,6,,,,,,
75,covariate,4,5,11.29041117893812,0.475340042005707,0.0004667,0.02145480550825596,1062,,3,4,4,4,,,,,,
76,concept,6,5,12.92941543892696,0.47058664158564995,0.00046625000000000003,0.014528990723192692,1077,,2,9,0,4,,,,,,
77,combined,3,4,11.702312440449747,0.4658807751697934,0.0004658,0.03187527880072594,1092,,5,3,2,5,,,,,,
78,stable,5,4,13.883863728839078,0.4612219674180955,0.00046535,0.02750115469098091,1107,,8,5,1,1,,,,,,
79,covariate,5,3,12.291387079098776,0.45660974774391455,0.0004649,0.04094420745968819,1122,,4,3,5,3,,,,,,
80,concept,7,5,13.119498988448838,0.4520436502664754,0.00046445000000000004,0.02164943888783455,1137,12.669809710215654,1,7,4,3,5.0,21.0,16.0,18.0,0.25,0.26666666666666666
81,combined,4,3,11.528038022061391,0.44752321376381066,0.000464,0.045908182859420776,1152,,3,3,4,5,,,,,,
82,covariate,7,3,12.067741826421196,0.44304798162617254,0.00046355,0.03264130279421806,1167,,1,8,3,3,,,,,,
83,concept,6,5,12.455066012599886,0.4386175018099108,0.00046310000000000004,0.03642110154032707,1182,,7,2,4,2,,,,,,
84,combined,3,3,11.915798906509481,0.4342313267918117,0.00046265,0.01231854036450386,1197,,5,4,0,6,,,,,,
85,stable,3,3,13.449229675498437,0.4298890135238936,0.0004622,0.032619502395391464,1212,,0,3,10,2,,,,,,
86,covariate,5,5,12.568463582780119,0.42559012338865465,0.00046175000000000003,0.024940993636846542,1227,,5,1,4,5,,,,,,
87,concept,7,4,12.707991097348737,0.4213342221547681,0.0004613,0.018701400607824326,1242,,7,1,3,4,,,,,,
88,combined,7,4,12.021809859744755,0.41712087993322045,0.00046085,0.03175666928291321,1257,,7,5,0,3,,,,,,
89,covariate,5,5,12.729129017160684,0.41294967113388825,0.0004604,0.019069869071245193,1272,,3,5,2,5,,,,,,
90,concept,5,4,12.892998959267288,0.40882017442254937,0.00045995,0.03191078454256058,1287,13.053155086666429,5,2,4,4,39.0,6.0,8.0,7.0,0.31666666666666665,0.31666666666666665
91,combined,4,4,11.899193542771327,0.4047319726783239,0.0004595,0.033044762909412384,1302,,2,7,3,3,,,,,,
92,stable,7,5,13.775473362352171,0.40068465295154065,0.00045905,0.02440856397151947,1317,,5,8,2,0,,,,,,
93,covariate,5,4,12.181145522965855,0.39667780642202527,0.00045860000000000003,0.026499774307012558,1332,,6,3,3,3,,,,,,
94,concept,7,4,13.15344470344975,0.392711028357805,0.00045815,0.02006291225552559,1347,,8,3,2,2,,,,,,
95,combined,6,3,11.5199980687792,0.38878391807422696,0.0004577,0.025886455550789833,1362,,6,5,3,1,,,,,,
96,covariate,6,4,12.064419326715957,0.3848960788934847,0.00045725000000000003,0.02113625593483448,1377,,8,1,2,4,,,,,,
97,concept,3,3,12.655049183292757,0.38104711810454983,0.0004568,0.031077325344085693,1392,,4,1,7,3,,,,,,
98,combined,5,3,11.406421044889475,0.37723664692350434,0.00045635,0.02180054970085621,1407,,4,5,3,3,,,,,,
99,stable,7,5,13.766656092643164,0.37346428045426927,0.0004559,0.02641288936138153,1422,,8,3,1,3,,,,,,
100,covariate,3,4,12.616067629343492,0.36972963764972655,0.00045545000000000004,0.020525818690657616,1437,12.939768600641266,4,4,3,4,36.0,5.0,10.0,9.0,0.75,0.7666666666666667
101,concept,5,4,11.973528886017336,0.36603234127322926,0.000455,0.0439763106405735,1452,,6,4,3,2,,,,,,
102,combined,7,4,12.381158023982673,0.36237201786049694,0.00045455,0.03207162395119667,1467,,5,6,1,3,,,,,,
103,covariate,6,3,12.743290098907101,0.358748297681892,0.00045410000000000003,0.03236573934555054,1482,,5,4,3,3,,,,,,
104,concept,5,3,12.913698503097061,0.35516081470507305,0.00045365,0.0341917984187603,1497,,4,4,4,3,,,,,,
105,combined,6,5,11.879811266361983,0.3516092065580223,0.0004532,0.026940278708934784,1512,,3,6,4,2,,,,,,
106,stable,7,5,13.643213994977106,0.34809311449244207,0.00045275000000000003,0.02344038337469101,1527,,4,4,6,1,,,,,,
107,covariate,6,4,12.332961936499274,0.34461218334751764,0.0004523,0.020322706550359726,1542,,6,4,3,2,,,,,,
108,concept,3,4,12.987667312012075,0.34116606151404244,0.00045185,0.023380670696496964,1557,,10,0,1,4,,,,,,
109,combined,3,5,11.969766242589621,0.337754400898902,0.0004514,0.030109001323580742,1572,,3,4,5,3,,,,,,
110,covariate,4,5,12.202917009049159,0.334376856889913,0.00045095,0.03674161806702614,1587,12.924768383178277,2,0,2,11,34.0,6.0,5.0,15.0,0.7833333333333333,0.7833333333333333
111,concept,4,4,12.803579924661632,0.33103308832101386,0.0004505,0.021602407097816467,1602,,5,3,4,3,,,,,,
112,combined,7,3,11.969293926208548,0.3277227574378037,0.00045005,0.04504869878292084,1617,,4,6,1,4,,,,,,
113,stable,6,3,13.815379240476835,0.3244455298634257,0.00044960000000000003,0.03745359927415848,1632,,8,3,3,1,,,,,,
114,covariate,3,5,12.12194911538614,0.3212010745647914,0.00044915,0.04254193603992462,1647,,4,4,4,3,,,,,,
115,concept,6,3,12.80011819825584,0.3179890638191435,0.0004487,0.040010008960962296,1662,,7,3,2,3,,,,,,
116,combined,6,4,12.207763061693543,0.31480917318095203,0.00044825,0.024567371234297752,1677,,5,6,3,1,,,,,,
117,covariate,3,4,12.368814922622342,0.3116610814491425,0.0004478,0.03360050544142723,1692,,7,3,4,1,,,,,,
118,concept,6,5,13.036990562365197,0.30854447063465107,0.00044735,0.02727193385362625,1707,,8,2,1,4,,,,,,
119,combined,4,5,12.11629498464921,0.30545902592830454,0.0004469,0.022179175168275833,1722,,3,6,3,3,,,,,,
120,stable,7,4,13.722063651102895,0.3024044356690215,0.00044645000000000004,0.02865838259458542,1737,12.988170582820707,8,2,3,2,35.0,8.0,13.0,4.0,0.6666666666666666,0.6666666666666666
121,covariate,4,4,11.901258201523845,0.29938039131233124,0.000446,0.03616146370768547,1752,,4,5,6,0,,,,,,
122,concept,5,3,12.80012715989826,0.2963865873992079,0.00044555,0.017834298312664032,1767,,6,6,2,1,,,,,,
123,combined,5,3,11.740791479013426,0.29342272152521587,0.00044510000000000003,0.03179051727056503,1782,,3,4,4,4,,,,,,
124,covariate,3,5,12.434288423650838,0.2904884943099637,0.00044465,0.01809351146221161,1797,,3,7,5,0,,,,,,
125,concept,5,5,12.530450283400446,0.28758360936686406,0.0004442,0.009898114949464798,1812,,8,3,1,3,,,,,,
126,combined,4,5,12.042301607728772,0.2847077732731954,0.00044375,0.0192201416939497,1827,,6,6,1,2,,,,,,
127,stable,6,5,13.853719172158968,0.28186069554046345,0.0004433,0.016172876581549644,1842,,12,0,3,0,,,,,,
128,covariate,6,3,12.9173260614103,0.2790420885850588,0.00044285,0.015056087635457516,1857,,4,10,1,0,,,,,,
129,concept,4,3,12.848635701105103,0.2762516676992082,0.0004424,0.024739935994148254,1872,,9,2,2,2,,,,,,
130,combined,3,5,11.870939915539061,0.27348915102221616,0.00044195,0.027524713426828384,1887,12.877882269082559,2,3,5,5,0.0,47.0,2.0,11.0,0.2,0.25
131,covariate,5,5,12.937041748094712,0.270754259511994,0.0004415,0.025390198454260826,1902,,5,8,0,2,,,,,,
132,concept,7,3,12.926934212610231,0.26804671691687404,0.00044105,0.022806616500020027,1917,,9,0,2,4,,,,,,
133,combined,6,5,11.840969669520712,0.2653662497477053,0.00044060000000000003,0.041195981204509735,1932,,4,3,4,4,,,,,,
134,stable,6,4,13.854791757377999,0.2627125872502282,0.00044015,0.01540975458920002,1947,,2,12,1,0,,,,,,
135,covariate,7,4,12.542512228750319,0.2600854613777259,0.0004397,0.028650041669607162,1962,,7,2,2,4,,,,,,
136,concept,7,4,12.862920992958617,0.2574846067639487,0.00043925,0.02965574339032173,1977,,1,9,2,3,,,,,,
137,combined,7,5,12.7261462240091,0.2549097606963092,0.00043880000000000004,0.023029344156384468,1992,,5,4,4,2,,,,,,
138,covariate,4,4,12.259945326089131,0.2523606630893461,0.00043835,0.019501037895679474,2007,,3,7,2,3,,,,,,
139,concept,7,5,13.17865114474324,0.24983705645845267,0.0004379,0.019025856629014015,2022,,6,6,2,1,,,,,,
140,combined,3,4,11.959890403586614,0.24733868589386815,0.00043745000000000003,0.01876508630812168,2037,13.06541285481681,3,4,4,4,39.0,9.0,8.0,4.0,0.21666666666666667,0.21666666666666667
141,stable,6,3,13.869921240773373,0.24486529903492946,0.000437,0.023751070722937584,2052,,6,6,2,1,,,,,,
142,covariate,4,5,12.709135935670794,0.24241664604458016,0.00043655,0.030719708651304245,2067,,3,5,2,5,,,,,,
143,concept,3,3,12.480216678037959,0.23999247958413436,0.00043610000000000003,0.0224690530449152,2082,,5,3,3,4,,,,,,
144,combined,3,4,11.797448918843829,0.23759255478829303,0.00043565,0.03157588467001915,2097,,3,5,4,3,,,,,,
145,covariate,5,5,12.725421300133723,0.2352166292404101,0.0004352,0.02119661122560501,2112,,4,7,2,2,,,,,,
146,concept,7,5,13.16100618234876,0.232864462948006,0.00043475,0.027155881747603416,2127,,4,4,4,3,,,,,,
147,combined,3,3,12.050274338572649,0.23053581831852593,0.0004343,0.022476855665445328,2142,,6,1,2,6,,,,,,
148,stable,7,5,13.831007535442213,0.22823046013534068,0.00043385,0.01895778626203537,2157,,2,12,1,0,,,,,,
149,covariate,5,3,12.84341190228649,0.22594815553398728,0.0004334,0.03353520482778549,2172,,3,7,2,3,,,,,,
150,concept,6,4,12.48179201969947,0.22368867397864742,0.00043295000000000003,0.03279722481966019,2187,12.983179676457329,6,4,2,3,14.0,36.0,3.0,7.0,0.45,0.4666666666666667
151,combined,5,4,12.166818758156905,0.22145178723886094,0.0004325,0.04214753210544586,2202,,5,4,3,3,,,,,,
152,covariate,3,4,12.852173188349203,0.21923726936647234,0.00043205,0.017110079526901245,2217,,4,8,0,3,,,,,,
153,concept,7,4,13.037390769407669,0.2170448966728076,0.00043160000000000003,0.03483168035745621,2232,,6,4,4,1,,,,,,
154,combined,6,3,12.271281366654637,0.21487444770607952,0.00043115000000000004,0.02633240446448326,2247,,4,5,2,4,,,,,,
155,stable,5,3,13.76555243591358,0.21272570322901874,0.0004307,0.017952287569642067,2262,,6,5,4,0,,,,,,
156,covariate,6,4,12.720267807839434,0.21059844619672854,0.00043025,0.01946868933737278,2277,,2,8,3,2,,,,,,
157,concept,3,4,13.069466587926142,0.20849246173476127,0.00042980000000000004,0.031756192445755005,2292,,10,1,2,2,,,,,,
158,combined,3,5,12.14648957585211,0.20640753711741366,0.00042935,0.02701759710907936,2307,,3,5,5,2,,,,,,
159,covariate,5,3,12.578629062536352,0.20434346174623952,0.0004289,0.017202377319335938,2322,,2,9,3,1,,,,,,
160,concept,5,3,12.925516999260742,0.20230002712877712,0.00042845000000000003,0.01778693124651909,2337,12.950074913324471,3,8,1,3,11.0,36.0,3.0,10.0,0.85,0.85
161,combined,5,3,11.764309093197472,0.20027702685748935,0.000428,0.017836103215813637,2352,,4,6,3,2,,,,,,
162,stable,6,4,13.952146819308476,0.19827425658891445,0.00042755,0.0204720888286829,2367,,4,11,0,0,,,,,,
163,covariate,7,3,12.817117323532466,0.1962915140230253,0.00042710000000000003,0.030088065192103386,2382,,3,6,5,1,,,,,,
164,concept,7,5,13.104994120834407,0.19432859888279505,0.00042665,0.03294386714696884,2397,,2,5,2,6,,,,,,
165,combined,4,4,11.778329531305939,0.1923853128939671,0.0004262,0.014483829960227013,2412,,8,1,1,5,,,,,,
166,covariate,5,5,12.93196102193885,0.19046145976502743,0.00042575,0.04048920422792435,2427,,5,9,0,1,,,,,,
167,concept,4,5,12.986023011413355,0.18855684516737714,0.0004253,0.03635365515947342,2442,,7,2,2,4,,,,,,
168,combined,7,4,12.536286014007123,0.18667127671570335,0.00042485,0.027858125045895576,2457,,3,9,1,2,,,,,,
169,stable,5,4,13.695128876778423,0.18480456394854633,0.0004244,0.017165742814540863,2472,,5,4,1,5,,,,,,
170,covariate,5,4,11.920569946850904,0.18295651830906087,0.00042395,0.0100701954215765,2487,13.024618920410932,8,3,2,2,32.0,12.0,11.0,5.0,0.43333333333333335,0.43333333333333335
171,concept,3,3,12.183463707965592,0.18112695312597027,0.0004235,0.01129960548132658,2502,,6,3,3,3,,,,,,
172,combined,6,3,12.361421630990336,0.17931568359471056,0.00042305,0.04130343720316887,2517,,8,3,1,3,,,,,,
173,covariate,6,5,12.669429656723432,0.17752252675876345,0.0004226,0.02366611734032631,2532,,4,7,1,3,,,,,,
174,concept,6,4,12.856182551414438,0.17574730149117582,0.00042215000000000004,0.019632916897535324,2547,,6,3,2,4,,,,,,
175,combined,3,5,11.92157535939682,0.17398982847626407,0.0004217,0.017295150086283684,2562,,3,3,5,4,,,,,,
176,stable,5,4,13.777656913074198,0.17224993019150142,0.00042125,0.01837264373898506,2577,,7,6,1,1,,,,,,
177,covariate,6,5,12.470174764074258,0.1705274308895864,0.00042080000000000004,0.022376729175448418,2592,,6,6,0,3,,,,,,
178,concept,4,4,13.07895440025171,0.16882215658069055,0.00042035,0.02062535472214222,2607,,8,3,1,3,,,,,,
179,combined,7,3,11.586089015638922,0.16713393501488363,0.0004199,0.03211664408445358,2622,,7,3,2,3,,,,,,
180,covariate,7,4,12.761262998166654,0.16546259566473479,0.00041945000000000003,0.030116982758045197,2637,13.08081034637645,3,12,0,0,41.0,9.0,7.0,3.0,0.8,0.8
181,concept,4,4,12.98969466539558,0.16380796970808745,0.000419,0.01249241828918457,2652,,7,0,7,1,,,,,,
182,combined,4,3,12.026864691144153,0.16216989001100657,0.00041855,0.028640922158956528,2667,,2,5,3,5,,,,,,
183,stable,6,5,13.887394351842074,0.1605481911108965,0.0004181,0.030143674463033676,2682,,12,2,0,1,,,,,,
184,covariate,3,4,12.457710086522988,0.15894270919978754,0.00041765,0.021296517923474312,2697,,7,4,2,2,,,,,,
185,concept,3,4,12.897771610576772,0.15735328210778965,0.0004172,0.029121119529008865,2712,,3,7,2,3,,,,,,
186,combined,4,3,12.168968057433975,0.15577974928671176,0.00041675,0.016023758798837662,2727,,3,7,2,3,,,,,,
187,covariate,7,5,12.844624129129693,0.15422195179384465,0.0004163,0.0241300780326128,2742,,7,7,0,1,,,,,,
188,concept,6,4,12.942708529835507,0.1526797322759062,0.00041585,0.03062496706843376,2757,,3,5,5,2,,,,,,
189,combined,7,3,12.454307219784768,0.15115293495314713,0.0004154,0.014688678085803986,2772,,7,5,0,3,,,,,,
190,stable,6,3,13.78602949445109,0.14964140560361566,0.00041495000000000003,0.01828869991004467,2787,12.900935929515438,3,9,2,1,11.0,28.0,10.0,11.0,0.4,0.8166666666666667
191,covariate,7,5,12.911952339129797,0.1481449915475795,0.0004145,0.032115738838911057,2802,,5,7,1,2,,,,,,
192,concept,7,3,12.879465381589755,0.1466635416321037,0.00041405,0.038047317415475845,2817,,7,2,4,2,,,,,,
193,combined,3,5,11.993192522875864,0.14519690621578268,0.0004136,0.022327085956931114,2832,,5,5,3,2,,,,,,
194,covariate,5,5,12.778788238063385,0.14374493715362485,0.00041315000000000004,0.012594948522746563,2847,,4,6,4,1,,,,,,
195,concept,3,5,12.594189967771873,0.1423074877820886,0.0004127,0.015918493270874023,2862,,4,5,4,2,,,,,,
196,combined,4,4,12.285475056384648,0.1408844129042677,0.00041225,0.02234056033194065,2877,,2,7,4,2,,,,,,
197,stable,6,4,13.985648951378034,0.13947556877522502,0.00041180000000000003,0.02718040719628334,2892,,14,0,1,0,,,,,,
198,covariate,6,3,12.9613719959514,0.13808081308747278,0.00041135,0.01705942675471306,2907,,8,4,1,2,,,,,,
199,concept,4,3,12.906675671402157,0.13670000495659804,0.0004109,0.02398749068379402,2922,,7,1,4,3,,,,,,
200,combined,4,5,12.402605259463813,0.13533300490703207,0.00041045000000000003,0.02329184114933014,2937,12.981979376226953,5,5,2,3,9.0,43.0,4.0,4.0,0.6166666666666667,0.6166666666666667
201,covariate,6,3,12.81312712498591,0.13397967485796175,0.00041,0.03043617308139801,2952,,4,5,4,2,,,,,,
202,concept,5,3,12.982876302817397,0.13263987810938213,0.00040955,0.025081072002649307,2967,,6,3,5,1,,,,,,
203,combined,3,4,12.200848524530507,0.1313134793282883,0.0004091,0.02671201154589653,2982,,4,7,2,2,,,,,,
204,stable,4,5,13.93026987777147,0.13000034453500542,0.00040865,0.025772027671337128,2997,,3,12,0,0,,,,,,
205,covariate,5,3,13.005177033123148,0.12870034108965536,0.0004082,0.03856104984879494,3012,,4,9,0,2,,,,,,
206,concept,3,3,12.84484286396287,0.12741333767875881,0.00040775,0.032887086272239685,3027,,7,3,4,1,,,,,,
207,combined,4,5,11.421486974686344,0.12613920430197123,0.00040730000000000003,0.024449845775961876,3042,,3,8,1,3,,,,,,
208,covariate,7,4,12.61491440942383,0.12487781225895152,0.00040685000000000005,0.012830565683543682,3057,,2,10,1,2,,,,,,
209,concept,5,3,12.558629907952009,0.123629034136362,0.0004064,0.02205238677561283,3072,,6,2,2,5,,,,,,
210,combined,5,3,12.29441431078638,0.12239274379499838,0.00040595000000000003,0.009588394314050674,3087,12.777376125799414,6,5,3,1,20.0,26.0,7.0,7.0,0.5,0.5333333333333333
211,stable,4,5,13.821959677231035,0.1211688163570484,0.00040550000000000004,0.024949273094534874,3102,,7,5,2,1,,,,,,
212,covariate,4,5,12.521104344761211,0.11995712819347792,0.00040505,0.023821476846933365,3117,,9,2,2,2,,,,,,
213,concept,3,5,12.824436809590878,0.11875755691154315,0.0004046,0.01740698143839836,3132,,9,1,3,2,,,,,,
214,combined,4,3,12.106797045879782,0.11756998134242772,0.00040415000000000004,0.02220592088997364,3147,,6,5,2,2,,,,,,
215,covariate,7,5,13.027564069900308,0.11639428152900344,0.0004037,0.014055444858968258,3162,,7,4,0,4,,,,,,
216,concept,6,4,12.980665051514322,0.11523033871371341,0.00040325,0.03133375942707062,3177,,3,7,5,0,,,,,,
217,combined,6,3,12.327992876291495,0.11407803532657627,0.00040280000000000003,0.02417830005288124,3192,,5,6,2,2,,,,,,
218,stable,5,3,13.908381792875783,0.11293725497331052,0.00040235,0.017651129513978958,3207,,12,1,1,1,,,,,,
219,covariate,6,3,12.6373319781884,0.1118078824235774,0.0004019,0.011800037696957588,3222,,8,3,1,3,,,,,,
220,concept,6,3,12.86033644682333,0.11068980359934164,0.00040145000000000003,0.028064627200365067,3237,12.970737141621814,2,8,5,0,34.0,17.0,5.0,4.0,0.48333333333333334,0.5166666666666667
221,combined,6,4,12.306851660554567,0.10958290556334822,0.000401,0.029930364340543747,3252,,7,3,3,2,,,,,,
222,covariate,3,3,12.730656705790754,0.10848707650771475,0.00040055,0.019493917003273964,3267,,2,9,3,1,,,,,,
223,concept,5,3,12.99477933521491,0.1074022057426376,0.0004001,0.01834995672106743,3282,,3,9,2,1,,,,,,
224,combined,6,4,12.244957340682435,0.10632818368521123,0.00039965,0.038963764905929565,3297,,4,8,2,1,,,,,,
225,stable,3,3,14.112444182372991,0.10526490184835911,0.0003992,0.016231711953878403,3312,,12,3,0,0,,,,,,
226,covariate,5,5,12.930624310505468,0.10421225282987552,0.00039875,0.01678501069545746,3327,,4,10,0,1,,,,,,
227,concept,5,3,12.890605657808585,0.10317013030157676,0.0003983,0.01686224713921547,3342,,4,7,2,2,,,,,,
228,combined,5,3,12.327871994865923,0.10213842899856099,0.00039785,0.03158806264400482,3357,,2,7,3,3,,,,,,
229,covariate,4,4,12.79920001850369,0.10111704470857538,0.0003974,0.015149321407079697,3372,,3,7,3,2,,,,,,
230,concept,5,5,12.918109720548987,0.10010587426148963,0.00039695,0.023892097175121307,3387,12.977447913470849,7,2,5,1,35.0,11.0,9.0,5.0,0.8666666666666667,0.9
231,combined,7,3,11.858465177619756,0.09910481551887473,0.00039650000000000004,0.024098068475723267,3402,,7,4,4,0,,,,,,
232,stable,4,3,13.916830250721127,0.09811376736368599,0.00039605,0.021491318941116333,3417,,12,1,0,2,,,,,,
233,covariate,4,3,12.956058566036345,0.09713262969004913,0.0003956,0.01090097427368164,3432,,10,3,0,2,,,,,,
234,concept,5,3,12.979231816705726,0.09616130339314863,0.00039515000000000004,0.01402550283819437,3447,,8,4,2,1,,,,,,
235,combined,5,5,12.354944326672625,0.09519969035921715,0.0003947,0.025579649955034256,3462,,6,5,2,2,,,,,,
236,covariate,5,3,12.453706126544443,0.09424769345562498,0.00039425,0.016820045188069344,3477,,6,8,0,1,,,,,,
237,concept,5,4,12.878086865351348,0.09330521652106873,0.00039380000000000003,0.02828441932797432,3492,,8,3,2,2,,,,,,
238,combined,3,3,12.315613223560575,0.09237216435585804,0.00039335,0.02611648291349411,3507,,6,2,3,4,,,,,,
239,stable,4,5,14.077017772999625,0.09144844271229946,0.0003929,0.022533055394887924,3522,,14,1,0,0,,,,,,
240,covariate,4,4,12.591668975111698,0.09053395828517646,0.00039245,0.013205006718635559,3537,12.820822489427663,5,9,0,1,9.0,36.0,9.0,6.0,0.4666666666666667,0.4666666666666667
241,concept,3,3,12.894355083149762,0.08962861870232469,0.000392,0.024678580462932587,3552,,4,5,4,2,,,,,,
242,combined,5,4,12.327608683045533,0.08873233251530144,0.00039155,0.020462721586227417,3567,,6,4,4,1,,,,,,
243,covariate,4,4,12.727782436854568,0.08784500919014843,0.0003911,0.0145109873265028,3582,,5,5,3,2,,,,,,
244,concept,6,4,12.880049374244605,0.08696655909824694,0.00039065000000000004,0.02026808261871338,3597,,5,2,7,1,,,,,,
245,combined,7,4,12.302118233876788,0.08609689350726446,0.0003902,0.015135133638978004,3612,,7,4,2,2,,,,,,
246,stable,6,4,13.8102525617444,0.08523592457219181,0.00038975,0.008755559101700783,3627,,10,0,3,2,,,,,,
247,covariate,7,3,12.349666823929349,0.0843835653264699,0.00038930000000000003,0.01578643172979355,3642,,3,6,4,2,,,,,,
248,concept,6,4,12.98322803185472,0.0835397296732052,0.00038885000000000005,0.02252187207341194,3657,,9,0,3,3,,,,,,
249,combined,7,5,12.707908185548805,0.08270433237647315,0.0003884,0.011307911947369576,3672,,4,5,4,2,,,,,,
250,covariate,5,4,12.830582005964185,0.08187728905270841,0.00038795,0.021688316017389297,3687,13.007745555233452,4,7,2,2,42.0,7.0,7.0,4.0,0.38333333333333336,0.38333333333333336
251,concept,6,4,13.084169921692315,0.08105851616218133,0.00038750000000000004,0.021011482924222946,3702,,9,2,3,1,,,,,,
252,combined,7,4,12.412254564096834,0.08024793100055952,0.00038705,0.01909051463007927,3717,,2,4,7,2,,,,,,
253,stable,6,3,14.008413280344227,0.07944545169055392,0.0003866,0.01969948410987854,3732,,13,1,0,1,,,,,,
254,covariate,7,4,12.752252497010305,0.07865099717364837,0.00038615000000000003,0.02595200389623642,3747,,3,8,2,2,,,,,,
255,concept,5,5,13.043474817557632,0.07786448720191189,0.0003857,0.02677057683467865,3762,,11,1,2,1,,,,,,
256,combined,3,5,12.103025116621975,0.07708584232989277,0.00038525,0.013830956071615219,3777,,2,5,6,2,,,,,,
257,covariate,3,4,12.726244172158578,0.07631498390659384,0.00038480000000000003,0.017063770443201065,3792,,3,6,2,4,,,,,,
258,concept,5,5,12.882326411828938,0.07555183406752791,0.00038435,0.03315718099474907,3807,,6,5,3,1,,,,,,
259,combined,5,3,11.959081717066322,0.07479631572685264,0.0003839,0.022385649383068085,3822,,3,3,7,2,,,,,,
260,stable,5,4,13.986029246249474,0.07404835256958411,0.00038345,0.01896084100008011,3837,12.891625147009673,7,8,0,0,14.0,33.0,4.0,9.0,0.45,0.45
261,covariate,6,5,12.98023415481404,0.07330786904388827,0.000383,0.020100150257349014,3852,,8,4,1,2,,,,,,
262,concept,3,5,12.973860294620073,0.07257479035344938,0.00038255,0.01989731192588806,3867,,9,2,1,3,,,,,,
263,combined,3,5,11.757097790245794,0.07184904244991488,0.0003821,0.010056436993181705,3882,,4,2,6,3,,,,,,
264,covariate,6,5,13.002988484969274,0.07113055202541574,0.00038165,0.02021714672446251,3897,,2,13,0,0,,,,,,
265,concept,4,3,13.025349225739285,0.07041924650516158,0.0003812,0.0186338871717453,3912,,10,1,2,2,,,,,,
266,combined,6,5,12.519215410044586,0.06971505404010997,0.00038075,0.016737600788474083,3927,,6,4,3,2,,,,,,
267,stable,6,4,13.7908307021814,0.06901790349970886,0.0003803,0.010045388713479042,3942,,4,8,2,1,,,,,,
268,covariate,6,3,12.955425001591445,0.06832772446471178,0.00037985,0.017640646547079086,3957,,3,12,0,0,,,,,,
269,concept,7,3,13.070816207101782,0.06764444722006466,0.0003794,0.013670742511749268,3972,,8,3,3,1,,,,,,
270,combined,4,5,12.142007203396597,0.066968002747864,0.00037895,0.015909329056739807,3987,12.961635844781616,3,4,4,4,39.0,10.0,7.0,4.0,0.43333333333333335,0.45
271,covariate,4,4,12.663925035143336,0.06629832272038537,0.00037850000000000004,0.024616561830043793,4002,,6,1,4,4,,,,,,
272,concept,3,4,12.981278216084805,0.06563533949318151,0.00037805,0.024579059332609177,4017,,12,1,2,0,,,,,,
273,combined,5,3,12.157340015746263,0.06497898609824969,0.0003776,0.013597158715128899,4032,,4,5,1,5,,,,,,
274,stable,4,4,13.902581756614317,0.0643291962372672,0.00037715000000000003,0.022573888301849365,4047,,6,8,0,1,,,,,,
275,covariate,4,3,12.538976576255306,0.06368590427489453,0.0003767,0.015192901715636253,4062,,6,1,4,4,,,,,,
276,concept,3,4,12.709411903834644,0.06304904523214558,0.00037625,0.01871202141046524,4077,,10,0,1,4,,,,,,
277,combined,3,3,12.235546873889312,0.06241855477982412,0.00037580000000000003,0.01955590769648552,4092,,6,6,2,1,,,,,,
278,covariate,7,5,12.856974130598985,0.06179436923202588,0.00037535,0.020777225494384766,4107,,3,10,2,0,,,,,,
279,concept,3,4,12.905772208753916,0.06117642553970562,0.0003749,0.016190798953175545,4122,,3,8,3,1,,,,,,
280,combined,7,5,12.766341579979178,0.06056466128430856,0.00037445,0.010610409080982208,4137,12.994901222212661,3,8,2,2,17.0,33.0,2.0,8.0,0.45,0.45
281,stable,5,5,13.961837371104881,0.05995901467146548,0.000374,0.012230005115270615,4152,,9,4,1,1,,,,,,
282,covariate,3,5,12.824505501795246,0.05935942452475082,0.00037355,0.017063910141587257,4167,,5,8,0,2,,,,,,
283,concept,3,4,13.022044948107578,0.058765830279503314,0.0003731,0.00940355658531189,4182,,7,5,2,1,,,,,,
284,combined,3,5,11.811334238089199,0.05817817197670828,0.00037265000000000003,0.02153262309730053,4197,,4,5,4,2,,,,,,
285,covariate,3,4,12.873982895576834,0.057596390256941195,0.00037220000000000005,0.013938010670244694,4212,,3,6,3,3,,,,,,
286,concept,3,3,13.013042520634626,0.05702042635437178,0.00037175,0.008421734906733036,4227,,9,2,4,0,,,,,,
287,combined,6,3,12.146299268013825,0.05645022209082806,0.0003713,0.020905736833810806,4242,,6,5,1,3,,,,,,
288,stable,5,3,13.69454804703916,0.05588571986991978,0.00037085000000000004,0.017378276214003563,4257,,8,1,4,2,,,,,,
289,covariate,5,3,12.527913233600238,0.055326862671220584,0.0003704,0.01574057713150978,4272,,6,2,1,6,,,,,,
290,concept,5,5,13.084306323452589,0.05477359404450838,0.00036995,0.026264682412147522,4287,12.919384027401588,8,2,3,2,16.0,32.0,7.0,5.0,0.8833333333333333,0.95
291,combined,6,3,12.126118860556502,0.054225858104063294,0.00036950000000000004,0.02193528786301613,4302,,7,3,1,4,,,,,,
292,covariate,3,5,12.895647272587505,0.05368359952302266,0.00036905,0.007769541349261999,4317,,2,13,0,0,,,,,,
293,concept,6,5,12.84664838844349,0.053146763527792434,0.0003686,0.01623893901705742,4332,,10,2,1,2,,,,,,
294,combined,5,4,12.428946520263377,0.052615295892514506,0.00036815000000000003,0.015868833288550377,4347,,4,7,3,1,,,,,,
295,stable,6,5,14.04037944336231,0.052089142933589364,0.0003677,0.011471569538116455,4362,,13,2,0,0,,,,,,
296,covariate,7,3,12.812914376079744,0.05156825150425347,0.00036725,0.018428269773721695,4377,,3,9,3,0,,,,,,
297,concept,3,3,12.968854445141305,0.051052568989210935,0.0003668,0.021620869636535645,4392,,8,2,1,4,,,,,,
298,combined,5,4,11.909737861552303,0.05054204329931883,0.00036635,0.019396580755710602,4407,,3,7,4,1,,,,,,
299,covariate,3,4,12.567218713153563,0.05003662286632564,0.00036590000000000006,0.010422523133456707,4422,,3,6,2,4,,,,,,
300,concept,7,4,13.064775424551879,0.05,0.00036545,0.0153432572260499,4437,13.086588855423685,5,7,2,1,35.0,12.0,6.0,7.0,0.4,0.45
301,combined,7,4,12.484818974769125,0.05,0.000365,0.013565481640398502,4452,,6,5,2,2,,,,,,
302,stable,7,4,14.122269622754093,0.05,0.00036455000000000005,0.02781856805086136,4467,,15,0,0,0,,,,,,
303,covariate,5,3,12.7640692264017,0.05,0.0003641,0.011186964809894562,4482,,5,3,2,5,,,,,,
304,concept,7,4,13.124444484680957,0.05,0.00036365000000000003,0.0241888165473938,4497,,11,1,0,3,,,,,,
305,combined,5,3,12.336351435914562,0.05,0.00036320000000000005,0.014649827033281326,4512,,5,7,1,2,,,,,,
306,covariate,6,3,12.544112110663228,0.05,0.00036275,0.011418983340263367,4527,,2,7,4,2,,,,,,
307,concept,6,3,13.050528162194274,0.05,0.0003623,0.024709604680538177,4542,,9,3,2,1,,,,,,
308,combined,7,3,12.309943981871173,0.05,0.00036185000000000004,0.02252541109919548,4557,,7,5,1,2,,,,,,
309,stable,3,3,13.952496017720508,0.05,0.0003614,0.027474768459796906,4572,,10,4,0,1,,,,,,
310,covariate,5,5,12.861605820956672,0.05,0.00036095,0.020077858120203018,4587,12.867095581757994,8,5,1,1,19.0,31.0,2.0,8.0,0.43333333333333335,0.43333333333333335
311,concept,5,4,13.036324496599704,0.05,0.00036050000000000003,0.012058509513735771,4602,,7,5,1,2,,,,,,
312,combined,7,5,12.812978155477861,0.05,0.00036005,0.018177499994635582,4617,,8,3,3,1,,,,,,
313,covariate,3,4,12.990665720507266,0.05,0.0003596,0.013335887342691422,4632,,4,9,0,2,,,,,,
314,concept,7,4,12.969269708306161,0.05,0.00035915000000000003,0.023283574730157852,4647,,2,7,4,2,,,,,,
315,combined,3,3,12.328438784553333,0.05,0.0003587,0.012929756194353104,4662,,7,3,3,2,,,,,,
316,stable,5,5,14.10554861915199,0.05,0.00035825,0.02877764217555523,4677,,15,0,0,0,,,,,,
317,covariate,5,5,12.295596154144079,0.05,0.0003578,0.022406261414289474,4692,,5,4,5,1,,,,,,
318,concept,4,3,13.066604399903149,0.05,0.00035735,0.01944408193230629,4707,,10,1,2,2,,,,,,
319,combined,7,5,12.720300261336362,0.05,0.0003569,0.015048300847411156,4722,,6,6,1,2,,,,,,
320,covariate,3,4,12.582705332009297,0.05,0.00035645,0.01256746705621481,4737,12.9442459583707,5,7,2,1,39.0,4.0,6.0,11.0,0.45,0.5
321,concept,6,3,12.942015330844013,0.05,0.000356,0.019207380712032318,4752,,8,2,4,1,,,,,,
322,combined,3,3,12.320177327828027,0.05,0.00035555000000000005,0.01593431644141674,4767,,4,8,0,3,,,,,,
323,stable,5,4,13.982402486258188,0.05,0.0003551,0.00708641204982996,4782,,14,0,0,1,,,,,,
324,covariate,5,3,12.97329999798975,0.05,0.00035465,0.02278495579957962,4797,,3,12,0,0,,,,,,
325,concept,6,3,12.767730172247383,0.05,0.00035420000000000004,0.014996794052422047,4812,,6,3,2,4,,,,,,
326,combined,4,5,12.385778747908887,0.05,0.00035375,0.017585856840014458,4827,,6,5,3,1,,,,,,
327,covariate,4,4,12.613605496367189,0.05,0.0003533,0.0196097269654274,4842,,8,1,1,5,,,,,,
328,concept,7,4,13.125126334774581,0.05,0.00035285000000000004,0.011976560577750206,4857,,11,1,2,1,,,,,,
329,combined,7,3,12.443247972633682,0.05,0.0003524,0.012987674213945866,4872,,6,5,2,2,,,,,,
330,stable,6,5,14.046760139089328,0.05,0.00035195,0.01889686845242977,4887,13.172681991240161,14,0,1,0,36.0,17.0,4.0,3.0,0.7,0.7
331,covariate,3,5,12.611880417636833,0.05,0.00035150000000000003,0.028201337903738022,4902,,6,7,0,2,,,,,,
332,concept,3,4,13.039690831377975,0.05,0.00035105,0.026226721704006195,4917,,10,1,2,2,,,,,,
333,combined,3,3,12.394613567315833,0.05,0.0003506,0.01171659491956234,4932,,8,2,1,4,,,,,,
334,covariate,4,4,12.838692144626407,0.05,0.00035015000000000003,0.0178651362657547,4947,,7,6,0,2,,,,,,
335,concept,4,5,12.804590295660283,0.05,0.0003497,0.011586913838982582,4962,,9,1,2,3,,,,,,
336,combined,6,3,12.370815192516158,0.05,0.00034925,0.01352968905121088,4977,,3,8,0,4,,,,,,
337,stable,5,5,13.9014943074646,0.05,0.0003488,0.018054816871881485,4992,,10,3,1,1,,,,,,
338,covariate,6,5,13.10159387983119,0.05,0.00034835,0.023011285811662674,5007,,9,6,0,0,,,,,,
339,concept,4,4,12.860812546452824,0.05,0.0003479,0.019808229058980942,5022,,8,3,1,3,,,,,,
340,combined,3,5,12.198157960801481,0.05,0.00034745,0.020934009924530983,5037,13.022758216807908,5,4,3,3,36.0,13.0,3.0,8.0,0.85,0.8666666666666667
341,covariate,5,5,12.912819988333332,0.05,0.000347,0.030268318951129913,5052,,5,8,1,1,,,,,,
342,concept,4,4,12.868781015169839,0.05,0.00034655,0.01962488889694214,5067,,5,3,1,6,,,,,,
343,combined,5,4,12.120033883093788,0.05,0.0003461,0.015326735563576221,5082,,5,5,1,4,,,,,,
344,stable,3,3,13.898990269228866,0.05,0.00034564999999999997,0.02942883037030697,5097,,13,0,2,0,,,,,,
345,covariate,4,3,12.826922867421716,0.05,0.00034520000000000004,0.013764393515884876,5112,,6,3,2,4,,,,,,
346,concept,6,5,13.082632369643694,0.05,0.00034475,0.013614175841212273,5127,,8,2,2,3,,,,,,
347,combined,5,5,12.64319118320506,0.05,0.0003443,0.021158423274755478,5142,,5,6,1,3,,,,,,
348,covariate,3,5,12.938838422943308,0.05,0.00034385000000000004,0.006436883471906185,5157,,6,9,0,0,,,,,,
349,concept,6,5,12.99481879422357,0.05,0.0003434,0.02316366881132126,5172,,9,2,3,1,,,,,,
350,combined,4,5,12.470782056382346,0.05,0.00034295,0.015690669417381287,5187,12.859444413203668,7,5,2,1,18.0,25.0,3.0,14.0,0.45,0.5166666666666667
351,stable,5,4,13.866135450045501,0.05,0.00034250000000000003,0.01935911551117897,5202,,3,11,1,0,,,,,,
352,covariate,4,3,12.941810794014852,0.05,0.00034205,0.007381103467196226,5217,,6,8,0,1,,,,,,
353,concept,3,5,12.980789045528045,0.05,0.00034160000000000006,0.010215774178504944,5232,,8,2,0,5,,,,,,
354,combined,5,4,12.11144089694238,0.05,0.00034115,0.014055963605642319,5247,,5,6,2,2,,,,,,
355,covariate,6,4,12.78114749308977,0.05,0.0003407,0.023380381986498833,5262,,8,5,0,2,,,,,,
356,concept,3,4,12.708108203826363,0.05,0.00034025000000000006,0.020126961171627045,5277,,10,0,1,4,,,,,,
357,combined,4,5,11.99718908011058,0.05,0.0003398,0.01877344399690628,5292,,6,5,2,2,,,,,,
358,stable,7,5,14.023284813054355,0.05,0.00033935,0.010839138180017471,5307,,12,3,0,0,,,,,,
359,covariate,6,3,12.971206138936468,0.05,0.00033890000000000005,0.020579835399985313,5322,,6,5,1,3,,,,,,
360,concept,3,4,12.972647862030144,0.05,0.00033845,0.01892055571079254,5337,13.056284204347286,11,2,2,0,36.0,14.0,6.0,4.0,0.4166666666666667,0.5666666666666667
361,combined,4,5,12.172367281373177,0.05,0.00033800000000000003,0.012007255107164383,5352,,4,7,2,2,,,,,,
362,covariate,3,3,12.999715615942934,0.05,0.00033755000000000005,0.015668267384171486,5367,,7,7,1,0,,,,,,
363,concept,6,5,12.979452953840537,0.05,0.0003371,0.014178591780364513,5382,,8,3,3,1,,,,,,
364,combined,4,5,12.33206415313245,0.05,0.00033665,0.0308097992092371,5397,,3,7,3,2,,,,,,
365,stable,4,5,13.917340032195193,0.05,0.00033620000000000004,0.0194555576890707,5412,,6,8,0,1,,,,,,
366,covariate,5,4,12.87540013490121,0.05,0.00033575,0.018468575552105904,5427,,3,10,1,1,,,,,,
367,concept,7,3,12.786028768090642,0.05,0.0003353,0.017084483057260513,5442,,7,3,1,4,,,,,,
368,combined,3,3,12.204085112756333,0.05,0.00033485000000000003,0.011118467897176743,5457,,7,4,1,3,,,,,,
369,covariate,7,4,12.926844073006423,0.05,0.0003344,0.022609353065490723,5472,,9,4,0,2,,,,,,
370,concept,7,3,13.18787820543217,0.05,0.00033395,0.02003241702914238,5487,13.022782514308691,10,2,0,3,38.0,8.0,4.0,10.0,0.8333333333333334,0.8333333333333334
371,combined,7,4,12.681285752891377,0.05,0.00033350000000000003,0.009985305368900299,5502,,8,4,2,1,,,,,,
372,stable,6,5,13.9768241798725,0.05,0.00033305,0.021853823214769363,5517,,6,9,0,0,,,,,,
373,covariate,7,4,13.01173712873484,0.05,0.0003326,0.01216098852455616,5532,,8,4,0,3,,,,,,
374,concept,5,4,12.87796017228943,0.05,0.00033215,0.02808557078242302,5547,,9,3,1,2,,,,,,
375,combined,7,5,12.258618127869005,0.05,0.0003317,0.02252993732690811,5562,,1,8,2,4,,,,,,
376,covariate,5,4,12.74716969109625,0.05,0.00033125,0.01470318716019392,5577,,6,7,2,0,,,,,,
377,concept,7,5,13.193115955339685,0.05,0.0003308,0.015151476487517357,5592,,10,2,1,2,,,,,,
378,combined,7,3,12.310813313138144,0.05,0.00033035,0.016990121454000473,5607,,7,5,3,0,,,,,,
379,stable,3,3,13.830684135078965,0.05,0.00032990000000000005,0.01720656082034111,5622,,5,8,1,1,,,,,,
380,covariate,5,3,12.947512373514872,0.05,0.00032945,0.011705255135893822,5637,12.843609990609997,1,14,0,0,8.0,40.0,2.0,10.0,0.4,0.4166666666666667
381,concept,7,5,13.182643249308098,0.05,0.000329,0.023751933127641678,5652,,7,6,1,1,,,,,,
382,combined,4,5,12.361520203165123,0.05,0.00032855000000000004,0.01629652827978134,5667,,4,7,2,2,,,,,,
383,covariate,7,4,12.448014237588112,0.05,0.0003281,0.017199382185935974,5682,,6,3,2,4,,,,,,
384,concept,4,4,13.031872175290813,0.05,0.00032765,0.02398795634508133,5697,,7,3,5,0,,,,,,
385,combined,5,5,12.26935690134027,0.05,0.00032720000000000004,0.0210792925208807,5712,,7,5,2,1,,,,,,
386,stable,6,5,14.05663813376411,0.05,0.00032675,0.006779325194656849,5727,,14,0,1,0,,,,,,
387,covariate,3,4,12.568467188368952,0.05,0.0003263,0.021223708987236023,5742,,4,6,2,3,,,,,,
388,concept,7,5,13.34238982668205,0.05,0.00032585000000000003,0.030700745061039925,5757,,10,1,1,3,,,,,,
389,combined,7,4,12.348796240109621,0.05,0.0003254,0.020694134756922722,5772,,10,3,1,1,,,,,,
390,covariate,7,3,12.91687898384074,0.05,0.00032495,0.021053249016404152,5787,12.921078588191738,8,6,0,1,10.0,35.0,4.0,11.0,0.85,0.8666666666666667
391,concept,4,3,12.817508243573265,0.05,0.00032450000000000003,0.025047024711966515,5802,,5,5,2,3,,,,,,
392,combined,4,4,12.27348997905638,0.05,0.00032405,0.015054231509566307,5817,,3,4,4,4,,,,,,
393,stable,3,4,13.788676131911135,0.05,0.0003236,0.020120251923799515,5832,,6,6,0,3,,,,,,
394,covariate,4,4,12.644492537425824,0.05,0.00032315,0.010156499221920967,5847,,7,4,2,2,,,,,,
395,concept,3,5,12.564594402711297,0.05,0.0003227,0.013968725688755512,5862,,6,2,1,6,,,,,,
396,combined,3,5,12.088367531126561,0.05,0.00032225,0.017309751361608505,5877,,3,4,4,4,,,,,,
397,covariate,3,5,12.400143877491246,0.05,0.0003218,0.017377888783812523,5892,,5,5,2,3,,,,,,
398,concept,3,4,12.916740570425212,0.05,0.00032135,0.02060384303331375,5907,,7,4,2,2,,,,,,
399,combined,3,5,12.1889780832319,0.05,0.0003209,0.019069314002990723,5922,,4,6,3,2,,,,,,
400,stable,6,5,13.898607883201999,0.05,0.00032045,0.015245444141328335,5937,13.01561560268705,1,14,0,0,15.0,34.0,5.0,6.0,0.6166666666666667,0.6166666666666667
401,covariate,4,3,12.835636601854361,0.05,0.00031999999999999997,0.024316048249602318,5952,,8,4,1,2,,,,,,
402,concept,7,5,13.350616031858083,0.05,0.00031955000000000004,0.018310092389583588,5967,,6,7,0,2,,,,,,
403,combined,4,5,12.069536354522004,0.05,0.0003191,0.013174450956285,5982,,3,4,3,5,,,,,,
404,covariate,7,3,12.599957272690064,0.05,0.00031864999999999997,0.018466144800186157,5997,,2,5,8,0,,,,,,
405,concept,7,3,13.01493808741317,0.05,0.00031820000000000004,0.018684986978769302,6012,,2,9,4,0,,,,,,
406,combined,3,4,12.175725619811349,0.05,0.00031775,0.035622935742139816,6027,,2,6,5,2,,,,,,
407,stable,7,3,13.803957324387584,0.05,0.0003173,0.020028136670589447,6042,,3,10,1,1,,,,,,
408,covariate,3,4,12.437946497952446,0.05,0.00031685000000000003,0.026914233341813087,6057,,4,4,4,3,,,,,,
409,concept,7,4,12.889595012338603,0.05,0.0003164,0.016597790643572807,6072,,9,3,2,1,,,,,,
410,combined,3,4,11.835591639179336,0.05,0.00031595000000000006,0.013852355070412159,6087,12.81948139823904,6,4,2,3,20.0,28.0,8.0,4.0,0.6,0.6
411,covariate,4,5,12.379873685305046,0.05,0.0003155,0.016877587884664536,6102,,6,4,2,3,,,,,,
412,concept,7,5,13.37130895735811,0.05,0.00031505,0.017854847013950348,6117,,8,5,1,1,,,,,,
413,combined,3,3,12.560888621275422,0.05,0.00031460000000000006,0.017129622399806976,6132,,9,3,1,2,,,,,,
414,stable,4,3,13.968067277414034,0.05,0.00031415,0.01584707759320736,6147,,8,6,1,0,,,,,,
415,covariate,7,4,12.458713248178567,0.05,0.00031370000000000004,0.02371305599808693,6162,,3,6,3,3,,,,,,
416,concept,7,3,13.01313343153307,0.05,0.00031325000000000005,0.02665749192237854,6177,,3,9,3,0,,,,,,
417,combined,5,4,11.94975305578523,0.05,0.0003128,0.02059260755777359,6192,,3,2,6,4,,,,,,
418,covariate,4,3,12.781695262644547,0.05,0.00031235000000000003,0.02274911105632782,6207,,4,8,0,3,,,,,,
419,concept,4,3,12.94893366687859,0.05,0.00031190000000000005,0.019308578222990036,6222,,0,11,4,0,,,,,,
420,combined,7,4,12.288026524000038,0.05,0.00031145,0.021883806213736534,6237,12.999854762326878,6,3,2,4,16.0,32.0,5.0,7.0,0.6,0.65
421,stable,6,3,14.039243855282214,0.05,0.000311,0.022731998935341835,6252,,8,7,0,0,,,,,,
422,covariate,7,5,13.281343902266808,0.05,0.00031055000000000004,0.013019304722547531,6267,,6,8,0,1,,,,,,
423,concept,4,3,12.986568250120474,0.05,0.0003101,0.01164543442428112,6282,,8,3,2,2,,,,,,
424,combined,7,3,11.24130511508518,0.05,0.00030965,0.013776442036032677,6297,,6,5,2,2,,,,,,
425,covariate,4,3,12.921858136852052,0.05,0.00030920000000000003,0.014806552790105343,6312,,8,5,0,2,,,,,,
426,concept,3,3,13.057109970292244,0.05,0.00030875,0.02716081589460373,6327,,10,2,1,2,,,,,,
427,combined,7,4,11.779664938222728,0.05,0.0003083,0.01264259498566389,6342,,5,5,3,2,,,,,,
428,stable,5,3,13.913623571071598,0.05,0.00030785000000000003,0.018053948879241943,6357,,2,13,0,0,,,,,,
429,covariate,6,3,12.754049140370034,0.05,0.0003074,0.01889803819358349,6372,,4,6,3,2,,,,,,
430,concept,6,5,12.987640370083112,0.05,0.00030695,0.023262199014425278,6387,12.972045516180824,12,1,0,2,14.0,34.0,3.0,9.0,0.8666666666666667,0.9666666666666667
431,combined,6,5,12.513070523540097,0.05,0.0003065,0.004231462255120277,6402,,4,8,2,1,,,,,,
432,covariate,7,3,12.975382146374425,0.05,0.00030605,0.021288670599460602,6417,,5,10,0,0,,,,,,
433,concept,7,3,12.878750764387288,0.05,0.00030560000000000006,0.02394259162247181,6432,,9,2,0,4,,,,,,
434,combined,7,5,12.660429665736526,0.05,0.00030515,0.019025171175599098,6447,,6,4,3,2,,,,,,
435,stable,3,5,13.86112654034178,0.05,0.0003047,0.01292828656733036,6462,,3,11,1,0,,,,,,
436,covariate,6,5,12.999815288401614,0.05,0.00030425000000000005,0.014203290455043316,6477,,2,13,0,0,,,,,,
437,concept,3,5,12.960877565791506,0.05,0.0003038,0.02254619263112545,6492,,4,7,1,3,,,,,,
438,combined,5,5,12.749328930607156,0.05,0.00030335000000000003,0.017145022749900818,6507,,5,8,1,1,,,,,,
439,covariate,6,4,12.837587448912299,0.05,0.00030290000000000004,0.02355004847049713,6522,,3,10,1,1,,,,,,
440,concept,4,4,13.059211702491687,0.05,0.00030245,0.009341771714389324,6537,12.967908082664557,9,2,1,3,36.0,11.0,3.0,10.0,0.48333333333333334,0.8666666666666667
441,combined,5,3,12.0242361069502,0.05,0.000302,0.01669515296816826,6552,,4,8,1,2,,,,,,
442,stable,4,4,14.013877659308475,0.05,0.00030155000000000004,0.020695678889751434,6567,,8,7,0,0,,,,,,
443,covariate,7,3,12.460165017108778,0.05,0.0003011,0.02904028445482254,6582,,4,5,3,3,,,,,,
444,concept,7,3,13.02434260282113,0.05,0.00030065,0.018623560667037964,6597,,7,4,2,2,,,,,,
445,combined,5,5,12.33970015396842,0.05,0.00030020000000000003,0.023478662595152855,6612,,4,7,2,2,,,,,,
446,covariate,4,4,12.536827705610818,0.05,0.00029975,0.012858603149652481,6627,,3,7,3,2,,,,,,
447,concept,3,4,12.992769527936023,0.05,0.0002993,0.014526109211146832,6642,,6,5,3,1,,,,,,
448,combined,7,4,12.39791364557564,0.05,0.00029885,0.021876603364944458,6657,,4,8,1,2,,,,,,
449,stable,7,5,13.826629728117743,0.05,0.0002984,0.028662800788879395,6672,,8,3,4,0,,,,,,
450,covariate,7,5,12.908514523693983,0.05,0.00029795,0.021379951387643814,6687,13.011616884388923,9,1,2,3,36.0,11.0,3.0,10.0,0.8666666666666667,0.8666666666666667
451,concept,5,3,13.005875828171854,0.05,0.0002975,0.02347635105252266,6702,,7,5,1,2,,,,,,
452,combined,4,5,12.443290443959901,0.05,0.00029705,0.019116241484880447,6717,,5,7,2,1,,,,,,
453,covariate,6,5,12.67376616490433,0.05,0.0002966,0.025261033326387405,6732,,3,7,0,5,,,,,,
454,concept,3,3,12.937699150029468,0.05,0.00029615,0.013112557120621204,6747,,4,8,0,3,,,,,,
455,combined,6,4,12.052830491229802,0.05,0.0002957,0.017524464055895805,6762,,7,4,2,2,,,,,,
456,stable,4,3,14.096342769827011,0.05,0.00029525000000000005,0.016008034348487854,6777,,14,1,0,0,,,,,,
457,covariate,5,3,12.863573512015337,0.05,0.0002948,0.027243470773100853,6792,,3,8,1,3,,,,,,
458,concept,6,4,13.111025034492792,0.05,0.00029434999999999997,0.011695574969053268,6807,,7,5,0,3,,,,,,
459,combined,5,3,11.796832173632643,0.05,0.00029390000000000004,0.01799061708152294,6822,,2,8,2,3,,,,,,
460,covariate,5,4,12.869987168842037,0.05,0.00029345,0.022653043270111084,6837,12.983575235782018,2,13,0,0,14.0,35.0,5.0,6.0,0.5166666666666667,0.5166666666666667
461,concept,4,3,13.090814979216791,0.05,0.000293,0.015252422541379929,6852,,7,5,1,2,,,,,,
462,combined,4,4,12.45124552090585,0.05,0.00029255000000000004,0.017891190946102142,6867,,4,6,3,2,,,,,,
463,stable,4,3,14.09997352481779,0.05,0.0002921,0.022264983505010605,6882,,15,0,0,0,,,,,,
464,covariate,7,3,12.975675297350621,0.05,0.00029165,0.018502436578273773,6897,,6,9,0,0,,,,,,
465,concept,5,3,12.871176556079908,0.05,0.00029120000000000003,0.01806739903986454,6912,,3,6,0,6,,,,,,
466,combined,5,5,12.662845613329488,0.05,0.00029075,0.02482624538242817,6927,,3,9,1,2,,,,,,
467,covariate,3,3,12.993989496114018,0.05,0.0002903,0.01656145602464676,6942,,8,6,0,1,,,,,,
468,concept,6,3,12.91264289591927,0.05,0.00028985,0.03160904720425606,6957,,9,1,0,5,,,,,,
469,combined,5,4,12.170837495432004,0.05,0.0002894,0.015591857954859734,6972,,1,9,3,2,,,,,,
470,stable,4,5,13.98655114747276,0.05,0.00028895000000000006,0.015568376518785954,6987,13.032055970523471,10,5,0,0,36.0,12.0,6.0,6.0,0.5666666666666667,0.5833333333333334
471,covariate,5,3,12.864904667879681,0.05,0.0002885,0.02333264797925949,7002,,7,3,0,5,,,,,,
472,concept,3,4,13.091520560065868,0.05,0.00028805000000000004,0.013860238716006279,7017,,9,2,0,4,,,,,,
473,combined,3,4,12.1929718803919,0.05,0.00028760000000000005,0.01719547063112259,7032,,3,7,1,4,,,,,,
474,covariate,6,5,12.99055277453354,0.05,0.00028715,0.015904366970062256,7047,,9,5,1,0,,,,,,
475,concept,4,3,12.468223992041121,0.05,0.00028670000000000003,0.020893428474664688,7062,,6,4,4,1,,,,,,
476,combined,6,4,12.005831952848192,0.05,0.00028625000000000005,0.030665885657072067,7077,,6,5,2,2,,,,,,
477,stable,6,3,14.043486206218375,0.05,0.0002858,0.023492999374866486,7092,,10,5,0,0,,,,,,
478,covariate,6,3,12.953064293708561,0.05,0.00028535,0.02925805002450943,7107,,7,5,1,2,,,,,,
479,concept,4,4,12.740877812206893,0.05,0.00028490000000000004,0.018801162019371986,7122,,4,8,3,0,,,,,,
480,combined,3,4,12.234851378381306,0.05,0.00028445,0.024210643023252487,7137,13.045029183803445,5,5,2,3,40.0,8.0,3.0,9.0,0.8833333333333333,0.8833333333333333
481,covariate,5,3,12.969048958372008,0.05,0.000284,0.020289547741413116,7152,,3,9,0,3,,,,,,
482,concept,4,4,13.070333434564366,0.05,0.00028355000000000003,0.01909560337662697,7167,,5,6,2,2,,,,,,
483,combined,3,5,12.249003484735248,0.05,0.0002831,0.026657726615667343,7182,,5,5,3,2,,,,,,
484,stable,4,5,13.934363207060459,0.05,0.00028265,0.013318847864866257,7197,,5,10,0,0,,,,,,
485,covariate,5,3,12.844263588426683,0.05,0.00028220000000000003,0.013692397624254227,7212,,6,6,1,2,,,,,,
486,concept,7,3,13.036519806717086,0.05,0.00028175,0.012857066467404366,7227,,7,3,0,5,,,,,,
487,combined,6,4,11.83967902601814,0.05,0.00028130000000000006,0.02595096081495285,7242,,8,3,1,3,,,,,,
488,covariate,4,4,12.744824381327732,0.05,0.00028085,0.01720348931849003,7257,,2,10,0,3,,,,,,
489,concept,4,3,13.192485176010232,0.05,0.0002804,0.018323130905628204,7272,,11,1,1,2,,,,,,
490,combined,3,5,11.697518257261278,0.05,0.00027995000000000006,0.01651817001402378,7287,12.989389269098286,4,6,3,2,16.0,33.0,4.0,7.0,0.5333333333333333,0.5333333333333333
491,stable,3,4,13.953619964607771,0.05,0.0002795,0.020866986364126205,7302,,10,4,1,0,,,,,,
492,covariate,6,5,13.062527173542597,0.05,0.00027905,0.018489575013518333,7317,,9,6,0,0,,,,,,
493,concept,6,5,13.0059164235382,0.05,0.00027860000000000005,0.012632310390472412,7332,,5,5,3,2,,,,,,
494,combined,7,4,12.691059443158279,0.05,0.00027815,0.02168923430144787,7347,,7,6,2,0,,,,,,
495,covariate,5,3,12.796250482163618,0.05,0.00027770000000000003,0.012648982927203178,7362,,8,4,2,1,,,,,,
496,concept,3,4,13.103996138016505,0.05,0.00027725000000000004,0.018825288861989975,7377,,12,0,1,2,,,,,,
497,combined,4,4,12.112976900647313,0.05,0.0002768,0.02517232857644558,7392,,7,3,2,3,,,,,,
498,stable,4,3,14.122269873918421,0.05,0.00027635,0.025603657588362694,7407,,15,0,0,0,,,,,,
499,covariate,5,3,12.877224962205116,0.05,0.00027590000000000004,0.019173037260770798,7422,,6,7,0,2,,,,,,
500,concept,3,5,12.983964069270064,0.05,0.00027545,0.023449882864952087,7437,12.946833668787791,6,5,3,1,21.0,27.0,6.0,6.0,0.6166666666666667,0.75
501,combined,5,4,12.072562288110868,0.05,0.000275,0.02350476384162903,7452,,2,9,2,2,,,,,,
502,covariate,7,5,13.232096687948927,0.05,0.00027455000000000003,0.02369340881705284,7467,,3,11,0,1,,,,,,
503,concept,3,3,13.05503985502553,0.05,0.0002741,0.015156500041484833,7482,,7,5,1,2,,,,,,
504,combined,5,3,12.328526199297277,0.05,0.00027365,0.01430916041135788,7497,,7,5,1,2,,,,,,
505,stable,4,4,14.108564846685981,0.05,0.0002732,0.0183341596275568,7512,,13,2,0,0,,,,,,
506,covariate,6,3,13.01228751425994,0.05,0.00027275,0.01630278304219246,7527,,7,7,0,1,,,,,,
507,concept,6,3,13.0492952762011,0.05,0.0002723,0.01989472284913063,7542,,8,4,0,3,,,,,,
508,combined,7,5,12.853770964170426,0.05,0.00027185,0.020646389573812485,7557,,7,5,2,1,,,,,,
509,covariate,7,3,13.025077453004785,0.05,0.0002714,0.0037311199121177197,7572,,8,5,0,2,,,,,,
510,concept,6,5,13.21040457169623,0.05,0.00027095000000000005,0.03137299790978432,7587,13.109534684285633,12,0,2,1,37.0,12.0,6.0,5.0,0.5833333333333334,0.5833333333333334
511,combined,5,3,12.289551560975259,0.05,0.0002705,0.03517060726881027,7602,,6,5,1,3,,,,,,
512,stable,5,4,14.074245361507181,0.05,0.00027005,0.009232710115611553,7617,,13,2,0,0,,,,,,
513,covariate,7,4,13.036236799570727,0.05,0.00026960000000000005,0.028890173882246017,7632,,4,8,0,3,,,,,,
514,concept,3,5,12.95004037839201,0.05,0.00026915,0.017551084980368614,7647,,6,5,0,4,,,,,,
515,combined,7,4,12.591407443983666,0.05,0.00026869999999999997,0.02166539803147316,7662,,8,5,2,0,,,,,,
516,covariate,4,5,12.917628668266687,0.05,0.00026825000000000004,0.021144382655620575,7677,,7,6,1,1,,,,,,
517,concept,6,5,13.094457367952648,0.05,0.0002678,0.01792064495384693,7692,,4,7,4,0,,,,,,
518,combined,6,5,12.598507516876895,0.05,0.00026735,0.01307613868266344,7707,,2,11,2,0,,,,,,
519,stable,6,3,13.725912025430095,0.05,0.00026690000000000004,0.02219080738723278,7722,,6,6,1,2,,,,,,
520,covariate,6,4,12.92532777388799,0.05,0.00026645,0.027970053255558014,7737,12.986136891100324,1,14,0,0,17.0,32.0,1.0,10.0,0.5,0.8333333333333334
521,concept,3,4,12.965801848801128,0.05,0.000266,0.030886849388480186,7752,,9,2,1,3,,,,,,
522,combined,6,4,12.224870088146204,0.05,0.00026555000000000003,0.019996050745248795,7767,,6,4,1,4,,,,,,
523,covariate,7,4,12.928917293014614,0.05,0.0002651,0.024468015879392624,7782,,6,6,2,1,,,,,,
524,concept,6,5,13.197032511518946,0.05,0.00026465,0.03128223493695259,7797,,13,0,2,0,,,,,,
525,combined,5,4,12.248686834575581,0.05,0.0002642,0.022087275981903076,7812,,3,7,3,2,,,,,,
526,stable,5,3,13.874284485299334,0.05,0.00026375,0.02160201221704483,7827,,4,10,1,0,,,,,,
527,covariate,6,4,13.006463332426545,0.05,0.0002633,0.01216528844088316,7842,,8,5,0,2,,,,,,
528,concept,3,4,12.794287908552453,0.05,0.00026285,0.029760098084807396,7857,,6,6,3,0,,,,,,
529,combined,6,3,12.325772418234628,0.05,0.0002624,0.017865583300590515,7872,,4,6,1,4,,,,,,
530,covariate,7,3,12.882096793412456,0.05,0.00026195,0.028895914554595947,7887,13.027524975476474,8,5,0,2,40.0,8.0,3.0,9.0,0.5833333333333334,0.5833333333333334
531,concept,7,4,12.953981447509399,0.05,0.0002615,0.018002118915319443,7902,,8,4,2,1,,,,,,
532,combined,6,3,12.221419820255404,0.05,0.00026105,0.013951105996966362,7917,,2,9,2,2,,,,,,
533,stable,5,5,13.957783517688322,0.05,0.0002606,0.02042323350906372,7932,,5,9,1,0,,,,,,
534,covariate,5,4,12.861159592552553,0.05,0.00026015,0.020540663972496986,7947,,6,7,1,1,,,,,,
535,concept,4,3,13.112033640760746,0.05,0.00025969999999999997,0.025811810046434402,7962,,7,5,1,2,,,,,,
536,combined,5,4,12.260948921522234,0.05,0.00025925000000000004,0.016573097556829453,7977,,5,5,3,2,,,,,,
537,covariate,3,5,12.958561168924755,0.05,0.0002588,0.01638239249587059,7992,,7,5,0,3,,,,,,
538,concept,7,3,13.112133722544257,0.05,0.00025834999999999996,0.025841403752565384,8007,,10,1,0,4,,,,,,
539,combined,5,5,12.55358717738188,0.05,0.00025790000000000003,0.02685590274631977,8022,,5,5,3,2,,,,,,
540,stable,4,3,14.105547763398011,0.05,0.00025745,0.0165235735476017,8037,13.116525913469955,15,0,0,0,39.0,10.0,6.0,5.0,0.8666666666666667,0.8666666666666667
541,covariate,4,5,12.706524997568426,0.05,0.000257,0.01733045093715191,8052,,5,5,2,3,,,,,,
542,concept,4,3,13.06185008072262,0.05,0.00025655000000000003,0.024000823497772217,8067,,9,3,1,2,,,,,,
543,combined,7,5,12.589109925764049,0.05,0.0002561,0.022500816732645035,8082,,5,5,1,4,,,,,,
544,covariate,6,4,12.929929731067329,0.05,0.00025565,0.021329142153263092,8097,,2,13,0,0,,,,,,
545,concept,7,4,13.016987773074343,0.05,0.0002552,0.02188567817211151,8112,,4,7,1,3,,,,,,
546,combined,6,3,12.348462048590736,0.05,0.00025475,0.015759747475385666,8127,,5,4,3,3,,,,,,
547,stable,6,5,13.736996402571874,0.05,0.0002543,0.01903255470097065,8142,,4,7,0,4,,,,,,
548,covariate,6,4,12.531991598720563,0.05,0.00025385,0.011803657747805119,8157,,3,11,1,0,,,,,,
549,concept,5,3,13.048058732448311,0.05,0.0002534,0.02187984809279442,8172,,6,6,2,1,,,,,,
550,combined,4,4,12.131103075759734,0.05,0.00025295,0.00972413644194603,8187,13.046158123806318,7,3,2,3,40.0,8.0,4.0,8.0,0.8833333333333333,0.8833333333333333
551,covariate,6,5,12.76714757982543,0.05,0.0002525,0.013221540488302708,8202,,9,3,1,2,,,,,,
552,concept,4,4,13.079513031898426,0.05,0.00025205,0.014801962301135063,8217,,9,2,0,4,,,,,,
553,combined,4,5,12.311152325047017,0.05,0.0002516,0.01719040796160698,8232,,4,6,3,2,,,,,,
554,stable,3,3,13.963449796700449,0.05,0.00025115,0.015146324411034584,8247,,6,9,0,0,,,,,,
555,covariate,5,4,12.891082984358654,0.05,0.0002507,0.0199722982943058,8262,,6,7,0,2,,,,,,
556,concept,5,5,13.139883120530444,0.05,0.00025025,0.021870143711566925,8277,,11,1,0,3,,,,,,
557,combined,6,3,12.2852724230674,0.05,0.0002498,0.026989560574293137,8292,,4,8,1,2,,,,,,
558,covariate,3,3,12.943325822203196,0.05,0.00024935,0.029494555667042732,8307,,3,11,0,1,,,,,,
559,concept,6,4,12.762554367742519,0.05,0.0002489,0.01637485809624195,8322,,2,8,1,4,,,,,,
560,combined,6,5,12.452477804345728,0.05,0.00024845,0.019332490861415863,8337,13.12207859680087,6,5,3,1,37.0,12.0,7.0,4.0,0.8333333333333334,0.8333333333333334
561,stable,7,4,14.054256299667276,0.05,0.000248,0.017410513013601303,8352,,12,3,0,0,,,,,,
562,covariate,5,4,12.936921831743708,0.05,0.00024754999999999997,0.0211908221244812,8367,,6,7,1,1,,,,,,
563,concept,4,3,12.844191472447212,0.05,0.0002471,0.011533736251294613,8382,,3,7,3,2,,,,,,
564,combined,4,5,12.327138464664518,0.05,0.00024665000000000006,0.01679634302854538,8397,,2,8,3,2,,,,,,
565,covariate,5,5,13.030695574645526,0.05,0.0002462,0.010238207876682281,8412,,7,8,0,0,,,,,,
566,concept,5,4,13.006161836170566,0.05,0.00024575000000000004,0.018987273797392845,8427,,6,5,0,4,,,,,,
567,combined,7,5,12.736914969656207,0.05,0.00024530000000000005,0.020002108067274094,8442,,5,6,2,2,,,,,,
568,stable,6,4,14.07117809115768,0.05,0.00024485,0.00905635766685009,8457,,14,1,0,0,,,,,,
569,covariate,7,3,13.142384614739699,0.05,0.00024440000000000003,0.026472635567188263,8472,,11,3,0,1,,,,,,
570,concept,3,3,12.945063756984315,0.05,0.00024395000000000005,0.020764682441949844,8487,12.882197394478526,4,8,0,3,7.0,42.0,3.0,8.0,0.38333333333333336,0.4666666666666667
571,combined,4,5,12.247231290767788,0.05,0.00024350000000000006,0.01820821315050125,8502,,2,7,1,5,,,,,,
572,covariate,5,5,13.026935205640623,0.05,0.00024305000000000003,0.008671760559082031,8517,,8,7,0,0,,,,,,
573,concept,6,4,12.968645953077058,0.05,0.00024260000000000004,0.026803715154528618,8532,,5,5,3,2,,,,,,
574,combined,7,5,12.725381526826766,0.05,0.00024215000000000006,0.02964639477431774,8547,,5,7,2,1,,,,,,
575,stable,7,5,14.044303109482327,0.05,0.00024170000000000002,0.024791568517684937,8562,,11,4,0,0,,,,,,
576,covariate,6,3,12.542235264095602,0.05,0.00024125000000000004,0.028425347059965134,8577,,3,11,1,0,,,,,,
577,concept,7,3,12.864763958148194,0.05,0.00024080000000000005,0.03594585135579109,8592,,3,4,6,2,,,,,,
578,combined,6,3,12.398301366477618,0.05,0.00024035000000000001,0.024267803877592087,8607,,8,3,2,2,,,,,,
579,covariate,5,5,13.034838783345197,0.05,0.00023990000000000003,0.02580910362303257,8622,,8,4,0,3,,,,,,
580,concept,6,4,12.989894384285584,0.05,0.00023945000000000005,0.020611900836229324,8637,12.813127390591358,3,9,0,3,11.0,35.0,4.0,10.0,0.7,0.75
581,combined,5,3,11.518557727956672,0.05,0.000239,0.02469722554087639,8652,,1,5,6,3,,,,,,
582,stable,7,3,13.836954349271156,0.05,0.00023855000000000003,0.03281313180923462,8667,,10,3,2,0,,,,,,
583,covariate,3,5,12.902119966198171,0.05,0.00023810000000000004,0.01248124334961176,8682,,5,7,1,2,,,,,,
584,concept,4,4,12.747458085786862,0.05,0.00023765000000000006,0.027456801384687424,8697,,2,9,0,4,,,,,,
585,combined,6,5,12.641780505756232,0.05,0.00023720000000000002,0.016097676008939743,8712,,3,10,2,0,,,,,,
586,covariate,7,3,12.87728360905434,0.05,0.00023675000000000004,0.023653537034988403,8727,,8,5,0,2,,,,,,
587,concept,6,3,12.95458637178769,0.05,0.00023630000000000005,0.029402928426861763,8742,,7,3,1,4,,,,,,
588,combined,6,5,12.254159031716231,0.05,0.00023585000000000001,0.020846575498580933,8757,,3,7,5,0,,,,,,
589,stable,3,3,13.886593298681666,0.05,0.00023540000000000003,0.020037788897752762,8772,,5,9,1,0,,,,,,
590,covariate,7,4,12.971924975047344,0.05,0.00023495000000000005,0.019705036655068398,8787,12.83925993025252,2,12,0,1,10.0,38.0,3.0,9.0,0.7,0.7
591,concept,7,4,12.788710213384581,0.05,0.0002345,0.023090917617082596,8802,,4,6,0,5,,,,,,
592,combined,4,4,12.378951298186506,0.05,0.00023405000000000002,0.03310144692659378,8817,,4,6,3,2,,,,,,
593,covariate,3,4,12.911230980225431,0.05,0.00023360000000000004,0.022667497396469116,8832,,3,9,1,2,,,,,,
594,concept,5,5,13.146737893141534,0.05,0.00023315000000000006,0.023932747542858124,8847,,9,3,0,3,,,,,,
595,combined,5,4,12.263775138009152,0.05,0.00023270000000000002,0.013033862225711346,8862,,4,5,2,4,,,,,,
596,stable,5,5,13.917056566850574,0.05,0.00023225000000000003,0.023407312110066414,8877,,2,13,0,0,,,,,,
597,covariate,6,5,12.781442353686293,0.05,0.00023180000000000005,0.023275207728147507,8892,,6,6,1,2,,,,,,
598,concept,3,4,12.904859099572707,0.05,0.00023135,0.008780937641859055,8907,,6,3,4,2,,,,,,
599,combined,7,4,12.56438449785693,0.05,0.00023090000000000003,0.016114993020892143,8922,,5,6,3,1,,,,,,
600,covariate,5,3,12.837692678649521,0.05,0.00023045000000000004,0.023581959307193756,8937,13.040375553785431,6,7,1,1,40.0,8.0,4.0,8.0,0.4166666666666667,0.43333333333333335
601,concept,4,5,12.891926014011764,0.05,0.00023,0.02222820743918419,8952,,11,2,0,2,,,,,,
602,combined,5,3,12.40756203338749,0.05,0.00022955000000000002,0.022303763777017593,8967,,7,4,0,4,,,,,,
603,stable,5,3,14.099974068409765,0.05,0.00022910000000000004,0.024158138781785965,8982,,15,0,0,0,,,,,,
604,covariate,6,3,12.794158500656684,0.05,0.00022865,0.028265593573451042,8997,,5,9,0,1,,,,,,
605,concept,6,3,12.981730314014943,0.05,0.00022820000000000002,0.012479634024202824,9012,,7,5,2,1,,,,,,
606,combined,4,4,11.882571231154005,0.05,0.00022775000000000003,0.024005066603422165,9027,,6,5,3,1,,,,,,
607,covariate,5,3,12.752384024678719,0.05,0.00022730000000000005,0.022090481594204903,9042,,8,3,2,2,,,,,,
608,concept,7,5,13.239168365387336,0.05,0.00022685,0.02449258789420128,9057,,8,2,3,2,,,,,,
609,combined,7,4,12.599130712426692,0.05,0.00022640000000000003,0.02558198571205139,9072,,4,6,3,2,,,,,,
610,stable,3,3,14.05503472147202,0.05,0.00022595000000000004,0.01969074457883835,9087,12.871835394078904,11,4,0,0,9.0,37.0,7.0,7.0,0.45,0.45
611,covariate,3,5,12.694651693164904,0.05,0.0002255,0.013647574931383133,9102,,2,7,1,5,,,,,,
612,concept,4,5,12.940157347229134,0.05,0.00022505000000000002,0.021919135004281998,9117,,8,4,0,3,,,,,,
613,combined,6,5,12.726933777131707,0.05,0.00022460000000000004,0.022024279460310936,9132,,6,7,2,0,,,,,,
614,covariate,7,4,12.9375437336283,0.05,0.00022415,0.022007716819643974,9147,,8,6,1,0,,,,,,
615,concept,3,4,12.965698426121651,0.05,0.00022370000000000002,0.016623947769403458,9162,,7,3,3,2,,,,,,
616,combined,4,4,12.379780679356374,0.05,0.00022325000000000003,0.012692694552242756,9177,,4,6,3,2,,,,,,
617,stable,4,4,13.897171242621852,0.05,0.0002228,0.020870376378297806,9192,,10,2,0,3,,,,,,
618,covariate,5,3,12.799801194046735,0.05,0.00022235,0.019660521298646927,9207,,5,7,0,3,,,,,,
619,concept,5,3,12.855584704466136,0.05,0.00022190000000000003,0.016272876411676407,9222,,3,8,3,1,,,,,,
620,combined,7,4,12.43656197891462,0.05,0.00022145000000000004,0.015264589339494705,9237,12.9747749314957,2,7,3,3,36.0,9.0,6.0,9.0,0.4666666666666667,0.4666666666666667
621,covariate,4,4,12.782363788457323,0.05,0.000221,0.015676040202379227,9252,,7,6,1,1,,,,,,
622,concept,7,5,13.435187499846588,0.05,0.00022055000000000002,0.018546998500823975,9267,,11,2,0,2,,,,,,
623,combined,5,4,11.706936132505414,0.05,0.00022010000000000004,0.010295630432665348,9282,,4,4,2,5,,,,,,
624,stable,4,4,14.078330195279534,0.05,0.00021965,0.013048624619841576,9297,,13,2,0,0,,,,,,
625,covariate,7,3,13.011303489667673,0.05,0.00021920000000000002,0.02666054666042328,9312,,8,4,0,3,,,,,,
626,concept,3,3,12.928935206195732,0.05,0.00021875000000000003,0.02197398990392685,9327,,5,6,2,2,,,,,,
627,combined,5,3,12.22629029114797,0.05,0.0002183,0.017852483317255974,9342,,5,4,2,4,,,,,,
628,covariate,7,4,13.055442840351747,0.05,0.00021785,0.01553071103990078,9357,,9,5,0,1,,,,,,
629,concept,3,4,12.919143533979053,0.05,0.00021740000000000003,0.03233591467142105,9372,,4,7,0,4,,,,,,
630,combined,6,4,12.32104742935318,0.05,0.00021695000000000004,0.01951824128627777,9387,12.948986178836122,1,10,2,2,12.0,33.0,9.0,6.0,0.5166666666666667,0.9
631,stable,3,4,13.864783062074421,0.05,0.0002165,0.027898261323571205,9402,,10,2,1,2,,,,,,
632,covariate,7,5,12.902611072755825,0.05,0.00021605000000000002,0.015014821663498878,9417,,8,6,1,0,,,,,,
633,concept,4,3,13.065744897978693,0.05,0.00021560000000000004,0.0077985855750739574,9432,,11,0,2,2,,,,,,
634,combined,6,4,12.361743194888302,0.05,0.00021515,0.02467495948076248,9447,,5,6,2,2,,,,,,
635,covariate,5,5,12.783531507863692,0.05,0.00021470000000000001,0.02255510725080967,9462,,5,6,2,2,,,,,,
636,concept,5,4,12.946429212025942,0.05,0.00021425000000000003,0.02310597524046898,9477,,8,3,1,3,,,,,,
637,combined,5,3,12.383325633623446,0.05,0.0002138,0.019645268097519875,9492,,6,6,0,3,,,,,,
638,stable,5,5,14.0506318523285,0.05,0.00021335,0.014729715883731842,9507,,14,0,0,1,,,,,,
639,covariate,3,3,12.930473850483617,0.05,0.00021290000000000002,0.023287858814001083,9522,,3,9,1,2,,,,,,
640,concept,6,5,13.044012169381757,0.05,0.00021245,0.025471337139606476,9537,12.9488410179844,8,4,0,3,33.0,11.0,4.0,12.0,0.38333333333333336,0.45
641,combined,7,5,12.8208889042095,0.05,0.000212,0.01779448240995407,9552,,7,3,3,2,,,,,,
642,covariate,6,5,13.102923557428248,0.05,0.00021155000000000002,0.019445598125457764,9567,,9,6,0,0,,,,,,
643,concept,4,3,12.93041820944359,0.05,0.00021110000000000004,0.03419434279203415,9582,,8,2,3,2,,,,,,
644,combined,4,4,12.366821373545228,0.05,0.00021065,0.021188858896493912,9597,,4,6,2,3,,,,,,
645,stable,4,4,14.050435688840999,0.05,0.00021020000000000001,0.026104331016540527,9612,,12,3,0,0,,,,,,
646,covariate,7,3,12.982361043215212,0.05,0.00020975000000000003,0.020234443247318268,9627,,7,6,1,1,,,,,,
647,concept,6,3,13.038647031169985,0.05,0.0002093,0.021140865981578827,9642,,9,3,2,1,,,,,,
648,combined,5,3,12.401295289134687,0.05,0.00020885,0.021007325500249863,9657,,6,6,2,1,,,,,,
649,covariate,7,5,13.199766369064466,0.05,0.00020840000000000002,0.02122029848396778,9672,,5,8,1,1,,,,,,
650,concept,4,5,13.024090710066869,0.05,0.00020794999999999999,0.02503400668501854,9687,13.036326011144359,5,6,3,1,34.0,13.0,8.0,5.0,0.7833333333333333,0.8
651,combined,7,5,12.760828732034309,0.05,0.0002075,0.008833022788167,9702,,7,4,2,2,,,,,,
652,stable,6,3,14.076293473374843,0.05,0.00020705000000000002,0.011388538405299187,9717,,13,2,0,0,,,,,,
653,covariate,5,5,13.042501985157902,0.05,0.00020660000000000003,0.025776851922273636,9732,,7,8,0,0,,,,,,
654,concept,4,4,13.050168840632853,0.05,0.00020615,0.014074205420911312,9747,,6,5,1,3,,,,,,
655,combined,5,5,12.520212223738039,0.05,0.0002057,0.027474835515022278,9762,,2,8,3,2,,,,,,
656,covariate,7,5,13.345418174755915,0.05,0.00020525000000000003,0.020155087113380432,9777,,5,10,0,0,,,,,,
657,concept,7,5,13.41816730477621,0.05,0.0002048,0.006158923730254173,9792,,8,4,1,2,,,,,,
658,combined,4,4,11.856190547580407,0.05,0.00020435,0.015584507025778294,9807,,2,8,2,3,,,,,,
659,stable,7,4,13.953959329565457,0.05,0.00020390000000000002,0.026020269840955734,9822,,12,2,1,0,,,,,,
660,covariate,5,4,12.89818158077029,0.05,0.00020344999999999999,0.025683436542749405,9837,13.057156368593693,4,11,0,0,39.0,10.0,5.0,6.0,0.8666666666666667,0.8666666666666667
661,concept,4,4,13.042235756398432,0.05,0.000203,0.018569353967905045,9852,,7,4,3,1,,,,,,
662,combined,3,5,11.826896623619099,0.05,0.00020255000000000002,0.012720530852675438,9867,,5,6,2,2,,,,,,
663,covariate,6,3,12.938336623311336,0.05,0.00020209999999999998,0.01205151155591011,9882,,4,10,0,1,,,,,,
664,concept,5,3,12.880534532951556,0.05,0.00020165,0.02242935821413994,9897,,3,9,1,2,,,,,,
665,combined,6,4,12.340151622136325,0.05,0.0002012,0.02703663520514965,9912,,6,6,1,2,,,,,,
666,stable,4,3,14.122269063015588,0.05,0.00020075000000000003,0.025791797786951065,9927,,15,0,0,0,,,,,,
667,covariate,6,4,12.95494565726562,0.05,0.0002003,0.022645536810159683,9942,,4,9,0,2,,,,,,
668,concept,6,4,12.94264869324982,0.05,0.00019985,0.01923215389251709,9957,,4,8,0,3,,,,,,
669,combined,7,5,12.884245060110695,0.05,0.00019940000000000002,0.026567835360765457,9972,,6,5,2,2,,,,,,
670,covariate,3,4,12.948317404456603,0.05,0.00019894999999999998,0.016307443380355835,9987,13.033109796423282,6,7,1,1,40.0,8.0,4.0,8.0,0.9,0.9333333333333333
671,concept,7,5,13.452832601412757,0.05,0.0001985,0.017061416059732437,10002,,12,1,0,2,,,,,,
672,combined,5,4,12.25846112999272,0.05,0.00019805000000000002,0.02367333695292473,10017,,4,6,3,2,,,,,,
673,stable,5,4,13.859519615795262,0.05,0.00019759999999999998,0.019550476223230362,10032,,10,2,0,3,,,,,,
674,covariate,6,5,13.06311535789804,0.05,0.00019715,0.020855221897363663,10047,,9,5,0,1,,,,,,
675,concept,5,3,13.062746007878008,0.05,0.0001967,0.0337413065135479,10062,,8,4,1,2,,,,,,
676,combined,4,5,12.328110061554987,0.05,0.00019624999999999997,0.01642126962542534,10077,,4,5,4,2,,,,,,
677,covariate,3,4,12.824015494684108,0.05,0.0001958,0.023870840668678284,10092,,5,5,1,4,,,,,,
678,concept,4,4,12.941460092073832,0.05,0.00019535,0.022082466632127762,10107,,8,0,0,7,,,,,,
679,combined,6,3,12.369346044850591,0.05,0.00019490000000000002,0.030655723065137863,10122,,7,5,2,1,,,,,,
680,stable,7,3,13.907972300898162,0.05,0.00019444999999999998,0.02268178015947342,10137,12.922051069574625,2,13,0,0,9.0,39.0,3.0,9.0,0.43333333333333335,0.43333333333333335
681,covariate,5,3,12.775497080827675,0.05,0.000194,0.03349887207150459,10152,,3,8,2,2,,,,,,
682,concept,5,4,12.968058147303386,0.05,0.00019355000000000002,0.020343342795968056,10167,,6,4,1,4,,,,,,
683,combined,6,4,12.060900556937643,0.05,0.00019309999999999998,0.019949480891227722,10182,,8,3,2,2,,,,,,
684,covariate,4,4,12.977912547716322,0.05,0.00019265,0.029227780178189278,10197,,4,11,0,0,,,,,,
685,concept,7,5,13.404880340800462,0.05,0.0001922,0.01985277608036995,10212,,8,3,4,0,,,,,,
686,combined,3,5,12.22052933740407,0.05,0.00019174999999999997,0.028363728895783424,10227,,4,4,5,2,,,,,,
687,stable,4,4,13.931238815266479,0.05,0.0001913,0.018077796325087547,10242,,14,0,0,1,,,,,,
688,covariate,6,5,12.990708777196865,0.05,0.00019085,0.021041523665189743,10257,,1,14,0,0,,,,,,
689,concept,5,5,12.914036227688056,0.05,0.00019040000000000002,0.023512765765190125,10272,,2,8,5,0,,,,,,
690,combined,4,5,12.46646692411821,0.05,0.00018995000000000004,0.014122316613793373,10287,13.024675879405024,7,5,2,1,38.0,9.0,5.0,8.0,0.4166666666666667,0.4166666666666667
691,covariate,4,4,12.814712368968761,0.05,0.00018950000000000005,0.015709146857261658,10302,,8,4,0,3,,,,,,
692,concept,5,5,13.136050834283019,0.05,0.00018905000000000007,0.03197351098060608,10317,,11,1,1,2,,,,,,
693,combined,4,5,12.322409231751568,0.05,0.00018860000000000003,0.009695861488580704,10332,,5,6,2,2,,,,,,
694,stable,6,4,14.122270442626789,0.05,0.00018815000000000005,0.02005789428949356,10347,,15,0,0,0,,,,,,
695,covariate,6,4,12.888849922091671,0.05,0.00018770000000000006,0.03208615630865097,10362,,6,7,1,1,,,,,,
696,concept,3,5,13.074613134489937,0.05,0.00018725000000000002,0.01541062816977501,10377,,10,1,0,4,,,,,,
697,combined,4,3,12.333808556674757,0.05,0.00018680000000000004,0.03091735765337944,10392,,6,3,2,4,,,,,,
698,covariate,3,5,12.60514529929712,0.05,0.00018635000000000006,0.014616208150982857,10407,,10,3,0,2,,,,,,
699,concept,4,5,12.693865679794797,0.05,0.00018590000000000002,0.01960819959640503,10422,,7,2,4,2,,,,,,
700,combined,4,5,12.40877675913133,0.05,0.00018545000000000004,0.03626900538802147,10437,12.904864296333075,4,7,2,2,9.0,40.0,4.0,7.0,0.43333333333333335,0.6
701,stable,4,4,14.017474105030951,0.05,0.00018500000000000005,0.019208215177059174,10452,,6,9,0,0,,,,,,
702,covariate,3,5,12.975686248402377,0.05,0.00018455,0.023970698937773705,10467,,8,6,0,1,,,,,,
703,concept,5,3,13.02002867552562,0.05,0.00018410000000000003,0.019051484763622284,10482,,9,1,2,3,,,,,,
704,combined,4,5,12.465145365958225,0.05,0.00018365000000000005,0.014020330272614956,10497,,7,5,2,1,,,,,,
705,covariate,6,5,12.761282884663599,0.05,0.00018320000000000006,0.012164387851953506,10512,,8,3,3,1,,,,,,
706,concept,3,3,12.916549567520091,0.05,0.00018275000000000002,0.02856210619211197,10527,,6,5,1,3,,,,,,
707,combined,4,4,11.902860381985038,0.05,0.00018230000000000004,0.014582174830138683,10542,,7,2,2,4,,,,,,
708,stable,6,4,13.934161330537986,0.05,0.00018185000000000006,0.015199960209429264,10557,,14,0,0,1,,,,,,
709,covariate,6,5,12.849102257608031,0.05,0.00018140000000000002,0.019282015040516853,10572,,2,7,0,6,,,,,,
710,concept,7,3,12.62376633094899,0.05,0.00018095000000000003,0.023145005106925964,10587,13.023731135496973,4,4,3,4,35.0,10.0,5.0,10.0,0.4,0.45
711,combined,4,3,12.05756476199829,0.05,0.00018050000000000005,0.011264440603554249,10602,,6,1,5,3,,,,,,
712,covariate,7,5,13.360253344094358,0.05,0.00018005,0.014431469142436981,10617,,5,10,0,0,,,,,,
713,concept,3,4,12.977142050276923,0.05,0.00017960000000000003,0.007776126265525818,10632,,5,7,0,3,,,,,,
714,combined,6,4,12.35106824910168,0.05,0.00017915000000000004,0.016272297129034996,10647,,2,9,2,2,,,,,,
715,stable,5,5,14.048912929175959,0.05,0.0001787,0.015469175763428211,10662,,14,0,1,0,,,,,,
716,covariate,4,3,12.949092961931989,0.05,0.00017825000000000002,0.019774693995714188,10677,,7,7,0,1,,,,,,
717,concept,5,5,13.048622932446092,0.05,0.00017780000000000004,0.021914154291152954,10692,,8,4,1,2,,,,,,
718,combined,6,4,12.349469462287985,0.05,0.00017735000000000006,0.01102478802204132,10707,,5,6,2,2,,,,,,
719,covariate,5,3,12.742774499272441,0.05,0.00017690000000000002,0.016499163582921028,10722,,7,4,2,2,,,,,,
720,concept,4,5,12.521931969283944,0.05,0.00017645000000000003,0.016271725296974182,10737,12.987755373231948,4,7,2,2,16.0,33.0,4.0,7.0,0.5,0.8333333333333334
721,combined,4,4,12.158661341378233,0.05,0.00017600000000000005,0.019550276920199394,10752,,5,5,1,4,,,,,,
722,stable,5,5,14.122269061221576,0.05,0.00017555,0.02080531045794487,10767,,15,0,0,0,,,,,,
723,covariate,6,5,12.821079279208831,0.05,0.00017510000000000003,0.010965866968035698,10782,,8,4,0,3,,,,,,
724,concept,7,4,13.065936291946443,0.05,0.00017465000000000004,0.01814086362719536,10797,,8,4,0,3,,,,,,
725,combined,7,5,12.818175458936981,0.05,0.0001742,0.03749851509928703,10812,,7,3,3,2,,,,,,
726,covariate,7,3,12.26812978188082,0.05,0.00017375000000000002,0.031139906495809555,10827,,8,2,2,3,,,,,,
727,concept,4,3,12.84151392234333,0.05,0.00017330000000000004,0.022794654592871666,10842,,9,2,3,1,,,,,,
728,combined,3,4,12.177372498846962,0.05,0.00017285000000000005,0.01524847187101841,10857,,5,5,3,2,,,,,,
729,stable,6,3,13.947772581426786,0.05,0.00017240000000000002,0.02170795388519764,10872,,10,3,1,1,,,,,,
730,covariate,6,4,12.888701503691331,0.05,0.00017195000000000003,0.021888384595513344,10887,13.025445370808038,7,7,0,1,37.0,11.0,3.0,9.0,0.55,0.5833333333333334
731,concept,3,3,12.922814884572228,0.05,0.00017150000000000005,0.024048779159784317,10902,,2,8,3,2,,,,,,
732,combined,3,4,12.167634345968587,0.05,0.00017105,0.03148530796170235,10917,,5,5,4,1,,,,,,
733,covariate,6,5,12.556043769333533,0.05,0.00017060000000000003,0.025030646473169327,10932,,6,3,3,3,,,,,,
734,concept,5,5,13.038587977773723,0.05,0.00017015000000000004,0.03260115161538124,10947,,6,4,4,1,,,,,,
735,combined,5,5,12.37801838907564,0.05,0.0001697,0.030246494337916374,10962,,3,7,3,2,,,,,,
736,stable,6,4,14.009604106031505,0.05,0.00016925000000000002,0.02496156468987465,10977,,12,3,0,0,,,,,,
737,covariate,7,4,12.766420669003118,0.05,0.00016880000000000004,0.023469669744372368,10992,,8,3,1,3,,,,,,
738,concept,7,5,13.505225596945923,0.05,0.00016835,0.007994480431079865,11007,,13,0,2,0,,,,,,
739,combined,6,4,12.176794899750872,0.05,0.00016790000000000002,0.038481999188661575,11022,,6,5,2,2,,,,,,
740,covariate,4,4,12.974115365559747,0.05,0.00016745000000000003,0.025368891656398773,11037,13.047879540283924,3,12,0,0,38.0,10.0,5.0,7.0,0.9,0.9333333333333333
741,concept,7,5,13.365547859266798,0.05,0.00016700000000000005,0.032144710421562195,11052,,7,4,3,1,,,,,,
742,combined,4,3,12.309896799734279,0.05,0.00016655,0.009922381490468979,11067,,7,5,1,2,,,,,,
743,stable,3,5,13.746794271856988,0.05,0.00016610000000000003,0.024205774068832397,11082,,4,7,1,3,,,,,,
744,covariate,3,4,12.891403578346875,0.05,0.00016565000000000004,0.027978431433439255,11097,,3,11,0,1,,,,,,
745,concept,6,4,12.887665697038543,0.05,0.0001652,0.02513660490512848,11112,,4,5,1,5,,,,,,
746,combined,4,3,12.304948045079042,0.05,0.00016475000000000002,0.013389755971729755,11127,,6,6,0,3,,,,,,
747,covariate,7,4,12.47928523124557,0.05,0.00016430000000000004,0.02812572568655014,11142,,5,4,1,5,,,,,,
748,concept,6,4,13.087261385079504,0.05,0.00016385,0.030454467982053757,11157,,11,1,3,0,,,,,,
749,combined,6,5,12.632005658433952,0.05,0.00016340000000000001,0.02853301167488098,11172,,4,8,2,1,,,,,,
750,stable,3,4,13.884654948877442,0.05,0.00016295000000000003,0.014304143376648426,11187,13.064416445461339,11,2,0,2,39.0,10.0,5.0,6.0,0.9833333333333333,1.0
