,v2,v3
episodes,400,750
updates,5937,11187
selected_episode,400,560
validation_variation,0.02898891686194186,0.00588349814274948
policy_stability,0.7833333333333333,0.9833333333333333
policy_stability_q_tie,,1.0
oracle_match,0.8,0.7166666666666667
near_oracle_interior,0.9166666666666666,0.9166666666666666
mean_regret,0.005298225749634359,0.005410093245816607
status,needs_improvement,complete
dqn_A1,42,36
dqn_A2,10,16
dqn_A3,7,5
dqn_A4,1,3
gate_all_four_actions_functional,True,True
gate_positive_dqn_return,True,True
gate_dqn_above_a1_random_drift,True,True
gate_oracle_near_rate_80pct,True,True
gate_dqn_used_a2_and_a3,True,True
gate_dqn_selected_four_actions,True,True
gate_validation_converged,False,True
gate_calibration_qualified,True,True
