seed,scenario,policy,day,requested,executed,fallback_reason,time_s,peak_ram_mb,n_revealed_update,drift_score,auprc_evaluable,reward,reward_reveal_day
42,clean,dqn,1,0,0,,1.7799999909584585e-06,0.0,0,0.024998728185892105,True,0.0,3.0
42,clean,dqn,2,0,0,,1.3760000001639128e-06,0.0,2400,0.02431539259850979,True,0.0,4.0
42,clean,dqn,3,0,0,,1.3619999776892655e-06,0.0,4800,0.023677613586187363,,,
42,clean,a1,1,0,0,,2.0269999936317618e-06,0.0,0,0.024998728185892105,True,0.0,3.0
42,clean,a1,2,0,0,,1.531999998860556e-06,0.0,2400,0.02431539259850979,True,0.0,4.0
42,clean,a1,3,0,0,,1.4810000266152201e-06,0.0,4800,0.023677613586187363,,,
42,clean,a4,1,3,0,insufficient_revealed_classes,1.354000005449052e-06,0.0,0,0.024998728185892105,True,0.0,3.0
42,clean,a4,2,3,3,,0.18423774199999343,1.2533044815063477,2400,0.02431539259850979,True,-0.2579469601283034,4.0
42,clean,a4,3,3,3,,0.1903506220000395,2.3817949295043945,4800,0.023677613586187363,,,
42,clean,random,1,0,0,,1.6919999552555964e-06,0.0,0,0.024998728185892105,True,0.0,3.0
42,clean,random,2,3,3,,0.18403666800003293,1.253152847290039,2400,0.02431539259850979,True,-0.2579469601283034,4.0
42,clean,random,3,2,2,,0.12658325000001014,1.3301925659179688,4800,0.023677613586187363,,,
42,clean,threshold,1,0,0,,1.471000018682389e-06,0.0,0,0.024998728185892105,True,0.0,3.0
42,clean,threshold,2,0,0,,2.2049999870432657e-06,0.0,2400,0.02431539259850979,True,0.0,4.0
42,clean,threshold,3,0,0,,1.4549999605151243e-06,0.0,4800,0.023677613586187363,,,
42,measurement,dqn,1,0,0,,1.3459999763654196e-06,0.0,0,0.024998728185892105,True,0.0,3.0
42,measurement,dqn,2,0,0,,1.6370000253118633e-06,0.0,2400,0.02431539259850979,True,0.0,4.0
42,measurement,dqn,3,0,0,,2.099000028010778e-06,0.0,4800,0.023677613586187363,,,
42,measurement,a1,1,0,0,,1.9000000293090125e-06,0.0,0,0.024998728185892105,True,0.0,3.0
42,measurement,a1,2,0,0,,1.5109999935702945e-06,0.0,2400,0.02431539259850979,True,0.0,4.0
42,measurement,a1,3,0,0,,1.7919999777404882e-06,0.0,4800,0.023677613586187363,,,
42,measurement,a4,1,3,0,insufficient_revealed_classes,1.790999988315889e-06,0.0,0,0.024998728185892105,True,0.0,3.0
42,measurement,a4,2,3,3,,0.210380291999968,1.2527952194213867,2400,0.02431539259850979,True,-0.2579469601283034,4.0
42,measurement,a4,3,3,3,,0.19043733400002338,2.3817272186279297,4800,0.023677613586187363,,,
42,measurement,random,1,0,0,,1.6170000094462011e-06,0.0,0,0.024998728185892105,True,0.0,3.0
42,measurement,random,2,3,3,,0.18180354399999032,1.2530155181884766,2400,0.02431539259850979,True,-0.2579469601283034,4.0
42,measurement,random,3,2,2,,0.12719706199999337,1.3329601287841797,4800,0.023677613586187363,,,
42,measurement,threshold,1,0,0,,1.4240000041354506e-06,0.0,0,0.024998728185892105,True,0.0,3.0
42,measurement,threshold,2,0,0,,1.435000001492881e-06,0.0,2400,0.02431539259850979,True,0.0,4.0
42,measurement,threshold,3,0,0,,1.7119999711212586e-06,0.0,4800,0.023677613586187363,,,
42,label,dqn,1,0,0,,1.4009999631525716e-06,0.0,0,0.024998728185892105,True,0.0,3.0
42,label,dqn,2,0,0,,1.499999996212864e-06,0.0,2400,0.02431539259850979,True,0.0,4.0
42,label,dqn,3,0,0,,1.8910000108007807e-06,0.0,4800,0.023677613586187363,,,
42,label,a1,1,0,0,,1.4679999935651722e-06,0.0,0,0.024998728185892105,True,0.0,3.0
42,label,a1,2,0,0,,1.5499999790336005e-06,0.0,2400,0.02431539259850979,True,0.0,4.0
42,label,a1,3,0,0,,1.4149999856272188e-06,0.0,4800,0.023677613586187363,,,
42,label,a4,1,3,0,insufficient_revealed_classes,1.267000016014208e-06,0.0,0,0.024998728185892105,True,0.0,3.0
42,label,a4,2,3,3,,0.18333018900000297,1.2500982284545898,2400,0.02431539259850979,True,-0.2579469601283034,4.0
42,label,a4,3,3,3,,0.18762233400002515,2.379383087158203,4800,0.023677613586187363,,,
42,label,random,1,0,0,,1.5699999948992627e-06,0.0,0,0.024998728185892105,True,0.0,3.0
42,label,random,2,3,3,,0.18084040700000514,1.2502355575561523,2400,0.02431539259850979,True,-0.2579469601283034,4.0
42,label,random,3,2,2,,0.1270196170000304,1.330038070678711,4800,0.023677613586187363,,,
42,label,threshold,1,0,0,,1.8069999896397348e-06,0.0,0,0.024998728185892105,True,0.0,3.0
42,label,threshold,2,0,0,,1.6010000081223552e-06,0.0,2400,0.02431539259850979,True,0.0,4.0
42,label,threshold,3,0,0,,1.714000006813876e-06,0.0,4800,0.023677613586187363,,,
42,combined,dqn,1,0,0,,1.7810000372264767e-06,0.0,0,0.024998728185892105,True,0.0,3.0
42,combined,dqn,2,0,0,,1.6989999949146295e-06,0.0,2400,0.02431539259850979,True,0.0,4.0
42,combined,dqn,3,0,0,,1.3999999737279722e-06,0.0,4800,0.023677613586187363,,,
42,combined,a1,1,0,0,,1.7060000345736626e-06,0.0,0,0.024998728185892105,True,0.0,3.0
42,combined,a1,2,0,0,,1.5150000081121107e-06,0.0,2400,0.02431539259850979,True,0.0,4.0
42,combined,a1,3,0,0,,1.738999969802535e-06,0.0,4800,0.023677613586187363,,,
42,combined,a4,1,3,0,insufficient_revealed_classes,1.5640000015082478e-06,0.0,0,0.024998728185892105,True,0.0,3.0
42,combined,a4,2,3,3,,0.18280991000000313,1.2525873184204102,2400,0.02431539259850979,True,-0.2579469601283034,4.0
42,combined,a4,3,3,3,,0.18769472899998618,2.381753921508789,4800,0.023677613586187363,,,
42,combined,random,1,0,0,,1.9319999751132855e-06,0.0,0,0.024998728185892105,True,0.0,3.0
42,combined,random,2,3,3,,0.19128722400000697,1.2528867721557617,2400,0.02431539259850979,True,-0.2579469601283034,4.0
42,combined,random,3,2,2,,0.13029057900001817,1.3331031799316406,4800,0.023677613586187363,,,
42,combined,threshold,1,0,0,,1.8309999632037943e-06,0.0,0,0.024998728185892105,True,0.0,3.0
42,combined,threshold,2,0,0,,1.6420000292782788e-06,0.0,2400,0.02431539259850979,True,0.0,4.0
42,combined,threshold,3,0,0,,1.7550000279697997e-06,0.0,4800,0.023677613586187363,,,
