seed,scenario,policy,prevalence,auprc_hour,auroc_hour,auprc_patient,auroc_patient,physionet_utility_observed_segment,n_predictions,n_patients,n_updates,return,time_s,peak_ram_mb,drift_detection_day
42,clean,dqn,0.01,0.02254280529649351,0.7454602448092031,0.03242312697349429,0.721892292723537,-0.2645936395759716,4800,230,0,0.0,4.517999968811637e-06,0.0,
42,clean,a1,0.01,0.02254280529649351,0.7454602448092031,0.03242312697349429,0.721892292723537,-0.2645936395759716,4800,230,0,0.0,5.040000019107538e-06,0.0,
42,clean,a4,0.01,0.019000078962360764,0.6873224431818182,0.025800688477845484,0.670744169516146,-0.04480565371024739,4800,230,2,-0.2579469601283034,0.3745897180000384,2.3817949295043945,
42,clean,random,0.01,0.019000078962360764,0.6873224431818182,0.025800688477845484,0.670744169516146,-0.04480565371024739,4800,230,2,-0.2579469601283034,0.3106216099999983,1.3301925659179688,
42,clean,threshold,0.01,0.02254280529649351,0.7454602448092031,0.03242312697349429,0.721892292723537,-0.2645936395759716,4800,230,0,0.0,5.130999966240779e-06,0.0,
42,measurement,dqn,0.01,0.02254280529649351,0.7454602448092031,0.03242312697349429,0.721892292723537,-0.2645936395759716,4800,230,0,0.0,5.082000029688061e-06,0.0,
42,measurement,a1,0.01,0.02254280529649351,0.7454602448092031,0.03242312697349429,0.721892292723537,-0.2645936395759716,4800,230,0,0.0,5.203000000619795e-06,0.0,
42,measurement,a4,0.01,0.019000078962360764,0.6873224431818182,0.025800688477845484,0.670744169516146,-0.04480565371024739,4800,230,2,-0.2579469601283034,0.4008194169999797,2.3817272186279297,
42,measurement,random,0.01,0.019000078962360764,0.6873224431818182,0.025800688477845484,0.670744169516146,-0.04480565371024739,4800,230,2,-0.2579469601283034,0.30900222299999314,1.3329601287841797,
42,measurement,threshold,0.01,0.02254280529649351,0.7454602448092031,0.03242312697349429,0.721892292723537,-0.2645936395759716,4800,230,0,0.0,4.57099997674959e-06,0.0,
42,label,dqn,0.01,0.02254280529649351,0.7454602448092031,0.03242312697349429,0.721892292723537,-0.2645936395759716,4800,230,0,0.0,4.791999970166216e-06,0.0,
42,label,a1,0.01,0.02254280529649351,0.7454602448092031,0.03242312697349429,0.721892292723537,-0.2645936395759716,4800,230,0,0.0,4.432999958225992e-06,0.0,
42,label,a4,0.01,0.019000078962360764,0.6873224431818182,0.025800688477845484,0.670744169516146,-0.04480565371024739,4800,230,2,-0.2579469601283034,0.37095379000004414,2.379383087158203,
42,label,random,0.01,0.019000078962360764,0.6873224431818182,0.025800688477845484,0.670744169516146,-0.04480565371024739,4800,230,2,-0.2579469601283034,0.30786159400003044,1.330038070678711,
42,label,threshold,0.01,0.02254280529649351,0.7454602448092031,0.03242312697349429,0.721892292723537,-0.2645936395759716,4800,230,0,0.0,5.122000004575966e-06,0.0,
42,combined,dqn,0.01,0.02254280529649351,0.7454602448092031,0.03242312697349429,0.721892292723537,-0.2645936395759716,4800,230,0,0.0,4.8800000058690784e-06,0.0,
42,combined,a1,0.01,0.02254280529649351,0.7454602448092031,0.03242312697349429,0.721892292723537,-0.2645936395759716,4800,230,0,0.0,4.960000012488308e-06,0.0,
42,combined,a4,0.01,0.019000078962360764,0.6873224431818182,0.025800688477845484,0.670744169516146,-0.04480565371024739,4800,230,2,-0.2579469601283034,0.3705062029999908,2.381753921508789,
42,combined,random,0.01,0.019000078962360764,0.6873224431818182,0.025800688477845484,0.670744169516146,-0.04480565371024739,4800,230,2,-0.2579469601283034,0.32157973500000026,1.3331031799316406,
42,combined,threshold,0.01,0.02254280529649351,0.7454602448092031,0.03242312697349429,0.721892292723537,-0.2645936395759716,4800,230,0,0.0,5.228000020451873e-06,0.0,
