day,scenario,requested,executed,fallback_reason,time_s,cost,auc_before,auc_next,reward,reward_valid,drift_active,next_drift_active,cov_stage,concept_stage,next_cov_stage,next_concept_stage,ks,psi,saturation,saturation_next,policy
1,stable,0,0,,3.690000767164747e-07,6.494326805721282e-07,0.9350410005187699,0.9296125018095444,0.9296118523768638,True,False,False,0,0,0,0,0.059896247240618095,0.029401420158371123,0.024166666666666666,0.025833333333333333,dqn
2,stable,0,0,,3.879999894706998e-07,6.828721431879962e-07,0.9296125018095444,0.9320426523173404,0.9320419694451972,True,False,False,0,0,0,0,0.044462886821034386,0.015944007450155125,0.025833333333333333,0.025327380952380952,dqn
3,stable,0,0,,3.6199992337060394e-07,6.371125520987733e-07,0.9320426523173404,0.9454650550191217,0.9454644179065697,True,False,False,0,0,0,0,0.05718308649924886,0.018531089920196617,0.025327380952380952,0.026339285714285714,dqn
4,stable,0,0,,3.7600000268867007e-07,6.617524088724078e-07,0.9454650550191217,0.9495717212192156,0.9495710594668068,True,False,False,0,0,0,0,0.054916058394160555,0.020283683945252352,0.026339285714285714,0.025773809523809525,dqn
5,stable,0,0,,4.580000450005173e-07,8.060708267965559e-07,0.9495717212192156,0.9366790523919039,0.9366782463210771,True,False,False,0,0,0,0,0.057726688102893914,0.015742810433782756,0.025773809523809525,0.026904761904761904,dqn
6,stable,0,0,,4.099999841855606e-07,7.215916894476646e-07,0.9366790523919039,0.9373602593325538,0.9373595377408644,True,False,False,0,0,0,0,0.07268103645952761,0.024433491917330057,0.026904761904761904,0.023779761904761904,dqn
7,stable,0,0,,3.8100006349850446e-07,6.705524148877166e-07,0.9373602593325538,0.9386054396677156,0.9386047691153007,True,False,False,0,0,0,0,0.06865198711063372,0.02019837249509853,0.023779761904761904,0.02324404761904762,dqn
8,stable,0,0,,4.319999789004214e-07,7.603112357073329e-07,0.9386054396677156,0.9453031925861437,0.945302432274908,True,False,False,0,0,0,0,0.05974543893539386,0.0314940971798637,0.02324404761904762,0.028511904761904763,dqn
9,stable,0,0,,3.7500001326407073e-07,6.599924476866536e-07,0.9453031925861437,0.9352176844033827,0.935217024410935,True,False,False,0,0,0,0,0.07348128342245988,0.023105300472721798,0.028511904761904763,0.02705357142857143,dqn
10,stable,0,0,,6.579999762834632e-07,1.1580666655050793e-06,0.9352176844033827,0.9435489205858592,0.9435477625191937,True,False,False,0,0,0,0,0.07998157274480394,0.026947773341137522,0.02705357142857143,0.02869047619047619,dqn
11,stable,0,0,,3.9799999740353087e-07,7.004719551320762e-07,0.9435489205858592,0.9484853005729434,0.9484846001009883,True,False,False,0,0,0,0,0.06963110307414111,0.027939572352067885,0.02869047619047619,0.02556547619047619,dqn
12,stable,0,0,,3.350000952195842e-07,5.895933999968715e-07,0.9484853005729434,0.9402644171260983,0.9402638275326983,True,False,False,0,0,0,0,0.05888975356679638,0.015843721427232987,0.02556547619047619,0.02782738095238095,dqn
13,stable,0,0,,6.530000291604665e-07,1.1492668595763082e-06,0.9402644171260983,0.942129748727332,0.9421285994604724,True,False,False,0,0,0,0,0.05820570440795164,0.02466577668595249,0.02782738095238095,0.025476190476190475,dqn
14,stable,0,0,,3.1899992336548166e-07,5.614334207651908e-07,0.942129748727332,0.9349485714123887,0.934948009978968,True,False,False,0,0,0,0,0.06445064377682408,0.023233859379868698,0.025476190476190475,0.02592261904761905,dqn
15,stable,0,0,,4.129999524593586e-07,7.268715730049273e-07,0.9349485714123887,0.9468479154638815,0.9468471885923084,True,False,False,0,0,0,0,0.042150684931506865,0.017630627663051835,0.02592261904761905,0.030833333333333334,dqn
1,stable,0,0,,3.280000555605511e-07,5.772734716100543e-07,0.9350410005187699,0.9296125018095444,0.9296119245360728,True,False,False,0,0,0,0,0.059896247240618095,0.029401420158371123,0.024166666666666666,0.025833333333333333,A1
2,stable,0,0,,4.0899999476096127e-07,7.198317282619103e-07,0.9296125018095444,0.9320426523173404,0.9320419324856122,True,False,False,0,0,0,0,0.044462886821034386,0.015944007450155125,0.025833333333333333,0.025327380952380952,A1
3,stable,0,0,,4.23999949816789e-07,7.462313461347614e-07,0.9320426523173404,0.9454650550191217,0.9454643087877755,True,False,False,0,0,0,0,0.05718308649924886,0.018531089920196617,0.025327380952380952,0.026339285714285714,A1
4,stable,0,0,,3.460000925770146e-07,6.089531731267057e-07,0.9454650550191217,0.9495717212192156,0.9495711122660425,True,False,False,0,0,0,0,0.054916058394160555,0.020283683945252352,0.026339285714285714,0.025773809523809525,A1
5,stable,0,0,,4.099999841855606e-07,7.215916894476646e-07,0.9495717212192156,0.9366790523919039,0.9366783308002145,True,False,False,0,0,0,0,0.057726688102893914,0.015742810433782756,0.025773809523809525,0.026904761904761904,A1
6,stable,0,0,,3.3200001325894846e-07,5.843133163530712e-07,0.9366790523919039,0.9373602593325538,0.9373596750192374,True,False,False,0,0,0,0,0.07268103645952761,0.024433491917330057,0.026904761904761904,0.023779761904761904,A1
7,stable,0,0,,3.229999947507167e-07,5.684734655947454e-07,0.9373602593325538,0.9386054396677156,0.93860487119425,True,False,False,0,0,0,0,0.06865198711063372,0.02019837249509853,0.023779761904761904,0.02324404761904762,A1
8,stable,0,0,,3.1000001854408765e-07,5.455937700934028e-07,0.9386054396677156,0.9453031925861437,0.9453026469923737,True,False,False,0,0,0,0,0.05974543893539386,0.0314940971798637,0.02324404761904762,0.028511904761904763,A1
9,stable,0,0,,3.280000555605511e-07,5.772734716100543e-07,0.9453031925861437,0.9352176844033827,0.9352171071299111,True,False,False,0,0,0,0,0.07348128342245988,0.023105300472721798,0.028511904761904763,0.02705357142857143,A1
10,stable,0,0,,3.849999075100641e-07,6.775920595441958e-07,0.9352176844033827,0.9435489205858592,0.9435482429937996,True,False,False,0,0,0,0,0.07998157274480394,0.026947773341137522,0.02705357142857143,0.02869047619047619,A1
11,stable,0,0,,4.3000000005122274e-07,7.567913133358244e-07,0.9435489205858592,0.9484853005729434,0.9484845437816302,True,False,False,0,0,0,0,0.06963110307414111,0.027939572352067885,0.02869047619047619,0.02556547619047619,A1
12,stable,0,0,,3.9700000797893154e-07,6.987119939463219e-07,0.9484853005729434,0.9402644171260983,0.9402637184141044,True,False,False,0,0,0,0,0.05888975356679638,0.015843721427232987,0.02556547619047619,0.02782738095238095,A1
13,stable,0,0,,3.769999921132694e-07,6.63512370058162e-07,0.9402644171260983,0.942129748727332,0.942129085214962,True,False,False,0,0,0,0,0.05820570440795164,0.02466577668595249,0.02782738095238095,0.025476190476190475,A1
14,stable,0,0,,3.900000820067362e-07,6.863922656460424e-07,0.942129748727332,0.9349485714123887,0.934947885020123,True,False,False,0,0,0,0,0.06445064377682408,0.023233859379868698,0.025476190476190475,0.02592261904761905,A1
15,stable,0,0,,3.6200003705744166e-07,6.37112752185311e-07,0.9349485714123887,0.9468479154638815,0.9468472783511293,True,False,False,0,0,0,0,0.042150684931506865,0.017630627663051835,0.02592261904761905,0.030833333333333334,A1
1,stable,1,1,,0.005147243999999773,0.009059045456641258,0.9350410005187699,0.928995636207022,0.9199365907503807,True,False,False,0,0,0,0,0.059896247240618095,0.029401420158371123,0.024166666666666666,0.017470238095238094,A2
2,stable,1,1,,0.005097989999967467,0.008972359411601606,0.928995636207022,0.9249680821223852,0.9159957227107837,True,False,False,0,0,0,0,0.10198456260720412,0.04333751357544122,0.017470238095238094,0.022410714285714287,A2
3,stable,1,1,,0.005215966000037042,0.009179994788401896,0.9249680821223852,0.9407804133774993,0.9316004185890974,True,False,False,0,0,0,0,0.07325760822974711,0.04087731311522473,0.022410714285714287,0.014553571428571428,A2
4,stable,1,1,,0.004808766999985892,0.008463332774446001,0.9407804133774993,0.9409685094097519,0.9325051766353059,True,False,False,0,0,0,0,0.0743542292829541,0.04338131992338812,0.014553571428571428,0.015416666666666667,A2
5,stable,1,1,,0.005076786000017819,0.00893504080004822,0.9409685094097519,0.9323537025595259,0.9234186617594776,True,False,False,0,0,0,0,0.1081186076493339,0.042449032621509675,0.015416666666666667,0.018571428571428572,A2
6,stable,1,1,,0.0049068719999922905,0.008635995592564161,0.9323537025595259,0.9328686015011622,0.9242326059085981,True,False,False,0,0,0,0,0.05356416881998283,0.03547167631585826,0.018571428571428572,0.017886904761904764,A2
7,stable,1,1,,0.005003592999969442,0.008806222598590076,0.9328686015011622,0.9346847843727408,0.9258785617741507,True,False,False,0,0,0,0,0.07738112522686025,0.06931428160100964,0.017886904761904764,0.01657738095238095,A2
8,stable,1,1,,0.005039872999986983,0.008870074665701303,0.9346847843727408,0.9412100783541055,0.9323400036884042,True,False,False,0,0,0,0,0.0838951890034364,0.035338884881950555,0.01657738095238095,0.02205357142857143,A2
9,stable,1,1,,0.004758028000082959,0.008374033159633646,0.9412100783541055,0.9345187883504402,0.9261447551908065,True,False,False,0,0,0,0,0.06505003411416865,0.07157862264045889,0.02205357142857143,0.024791666666666667,A2
10,stable,1,1,,0.005025685000077829,0.00884510407248368,0.9345187883504402,0.9430242737987664,0.9341791697262827,True,False,False,0,0,0,0,0.05603448275862069,0.05776518128008616,0.024791666666666667,0.02214285714285714,A2
11,stable,1,1,,0.004853419999903963,0.008541921152232875,0.9430242737987664,0.9455018777739842,0.9369599566217514,True,False,False,0,0,0,0,0.0961338155515371,0.07312241359947172,0.02214285714285714,0.012857142857142857,A2
12,stable,1,1,,0.004938367999898219,0.008691427916124145,0.9455018777739842,0.9384459851059679,0.9297545571898438,True,False,False,0,0,0,0,0.0656263855683547,0.0327831488898534,0.012857142857142857,0.01744047619047619,A2
13,stable,1,1,,0.004796302000045216,0.008441394626365277,0.9384459851059679,0.937476041232631,0.9290346466062657,True,False,False,0,0,0,0,0.08257821953327571,0.04216258966952483,0.01744047619047619,0.02107142857142857,A2
14,stable,1,1,,0.005120639999972809,0.009012222954041273,0.937476041232631,0.9213444922418162,0.912332269287775,True,False,False,0,0,0,0,0.0782778500216732,0.03741268552333986,0.02107142857142857,0.01550595238095238,A2
15,stable,1,1,,0.005191837000097621,0.009137528235956644,0.9213444922418162,0.9407911265067618,0.9316535982708052,True,False,False,0,0,0,0,0.10431335616438353,0.05293869928767939,0.01550595238095238,0.020654761904761905,A2
1,stable,2,2,,0.024605724000025475,0.0433055771612555,0.9350410005187699,0.9188207747947201,0.8755151976334646,True,False,False,0,0,0,0,0.059896247240618095,0.029401420158371123,0.024166666666666666,0.025833333333333333,A3
2,stable,2,2,,0.024191419999965547,0.04257641049081762,0.9188207747947201,0.9241506170554159,0.8815742065645983,True,False,False,0,0,0,0,0.044462886821034386,0.015944007450155125,0.025833333333333333,0.025327380952380952,A3
3,stable,2,2,,0.023702253000010387,0.04171548645292806,0.9241506170554159,0.9308341705112864,0.8891186840583583,True,False,False,0,0,0,0,0.05718308649924886,0.018531089920196617,0.025327380952380952,0.026339285714285714,A3
4,stable,2,2,,0.023553332000005867,0.041453388501385545,0.9308341705112864,0.940146492728828,0.8986931042274424,True,False,False,0,0,0,0,0.054916058394160555,0.020283683945252352,0.026339285714285714,0.025773809523809525,A3
5,stable,2,2,,0.024208038999972814,0.042605659595097455,0.940146492728828,0.9282604062975548,0.8856547467024574,True,False,False,0,0,0,0,0.057726688102893914,0.015742810433782756,0.025773809523809525,0.026904761904761904,A3
6,stable,2,2,,0.028534380999985842,0.050219934115422506,0.9282604062975548,0.9319172220008869,0.8816972878854644,True,False,False,0,0,0,0,0.07268103645952761,0.024433491917330057,0.026904761904761904,0.023779761904761904,A3
7,stable,2,2,,0.023808318000078543,0.04190215871034895,0.9319172220008869,0.9352464838456075,0.8933443251352585,True,False,False,0,0,0,0,0.06865198711063372,0.02019837249509853,0.023779761904761904,0.02324404761904762,A3
8,stable,2,2,,0.024180710999985422,0.042557562867193185,0.9352464838456075,0.9368563565340909,0.8942987936668978,True,False,False,0,0,0,0,0.05974543893539386,0.0314940971798637,0.02324404761904762,0.028511904761904763,A3
9,stable,2,2,,0.024454965000018092,0.04304024436683877,0.9368563565340909,0.9315789020260447,0.8885386576592059,True,False,False,0,0,0,0,0.07348128342245988,0.023105300472721798,0.028511904761904763,0.02705357142857143,A3
10,stable,2,2,,0.024377731999948082,0.04290431584695764,0.9315789020260447,0.9348164193683688,0.8919121035214111,True,False,False,0,0,0,0,0.07998157274480394,0.026947773341137522,0.02705357142857143,0.02869047619047619,A3
11,stable,2,2,,0.02378599899998335,0.041862877721064354,0.9348164193683688,0.941242099434516,0.8993792217134516,True,False,False,0,0,0,0,0.06963110307414111,0.027939572352067885,0.02869047619047619,0.02556547619047619,A3
12,stable,2,2,,0.023736940999924627,0.041776536632018677,0.941242099434516,0.9302985359346923,0.8885219993026736,True,False,False,0,0,0,0,0.05888975356679638,0.015843721427232987,0.02556547619047619,0.02782738095238095,A3
13,stable,2,2,,0.023969697000097767,0.04218618249024388,0.9302985359346923,0.937930397289806,0.8957442147995621,True,False,False,0,0,0,0,0.05820570440795164,0.02466577668595249,0.02782738095238095,0.025476190476190475,A3
14,stable,2,2,,0.023835091000023567,0.041949278649390624,0.937930397289806,0.9219685877811793,0.8800193091317887,True,False,False,0,0,0,0,0.06445064377682408,0.023233859379868698,0.025476190476190475,0.02592261904761905,A3
15,stable,2,2,,0.024389251000002332,0.04292458905434912,0.9219685877811793,0.9363809723753038,0.8934563833209547,True,False,False,0,0,0,0,0.042150684931506865,0.017630627663051835,0.02592261904761905,0.030833333333333334,A3
1,stable,3,3,,0.02914175399996566,0.051288898325386904,0.9350410005187699,0.9186518839788516,0.8673629856534647,True,False,False,0,0,0,0,0.059896247240618095,0.029401420158371123,0.024166666666666666,0.017470238095238094,A4
2,stable,3,3,,0.029091160999996646,0.05119985566750879,0.9186518839788516,0.9241972485976977,0.8729973929301889,True,False,False,0,0,0,0,0.10198456260720412,0.04333751357544122,0.017470238095238094,0.022410714285714287,A4
3,stable,3,3,,0.028505261000077553,0.050168683503859,0.9241972485976977,0.9314061532401807,0.8812374697363217,True,False,False,0,0,0,0,0.07325760822974711,0.04087731311522473,0.022410714285714287,0.014553571428571428,A4
4,stable,3,3,,0.028537869000047067,0.05022607292506654,0.9314061532401807,0.9408133920129667,0.8905873190879001,True,False,False,0,0,0,0,0.0743542292829541,0.04338131992338812,0.014553571428571428,0.015416666666666667,A4
5,stable,3,3,,0.029054051999992225,0.05113454457716791,0.9408133920129667,0.9285249974255998,0.8773904528484319,True,False,False,0,0,0,0,0.1081186076493339,0.042449032621509675,0.015416666666666667,0.018571428571428572,A4
6,stable,3,3,,0.031132034999927782,0.05479175267815259,0.9285249974255998,0.9320779623207275,0.8772862096425749,True,False,False,0,0,0,0,0.05356416881998283,0.03547167631585826,0.018571428571428572,0.017886904761904764,A4
7,stable,3,3,,0.028669070999967516,0.05045698579441598,0.9320779623207275,0.9360899112592115,0.8856329254647956,True,False,False,0,0,0,0,0.07738112522686025,0.06931428160100964,0.017886904761904764,0.01657738095238095,A4
8,stable,3,3,,0.029592530000059014,0.05208225497908524,0.9360899112592115,0.9369426291009897,0.8848603741219044,True,False,False,0,0,0,0,0.0838951890034364,0.035338884881950555,0.01657738095238095,0.02205357142857143,A4
9,stable,3,3,,0.02950077700006659,0.05192077155267012,0.9369426291009897,0.9334325739404743,0.8815118023878041,True,False,False,0,0,0,0,0.06505003411416865,0.07157862264045889,0.02205357142857143,0.024791666666666667,A4
10,stable,3,3,,0.029119712000010622,0.051250104850753105,0.9334325739404743,0.9354029962926368,0.8841528914418837,True,False,False,0,0,0,0,0.05603448275862069,0.05776518128008616,0.024791666666666667,0.02214285714285714,A4
11,stable,3,3,,0.0309510650000675,0.05447324913430996,0.9354029962926368,0.9410807170256289,0.886607467891319,True,False,False,0,0,0,0,0.0961338155515371,0.07312241359947172,0.02214285714285714,0.012857142857142857,A4
12,stable,3,3,,0.030454183999950146,0.053598748611971274,0.9410807170256289,0.9300040191170176,0.8764052705050464,True,False,False,0,0,0,0,0.0656263855683547,0.0327831488898534,0.012857142857142857,0.01744047619047619,A4
13,stable,3,3,,0.030770913000083056,0.05415618525372377,0.9300040191170176,0.9371024837406474,0.8829462984869236,True,False,False,0,0,0,0,0.08257821953327571,0.04216258966952483,0.01744047619047619,0.02107142857142857,A4
14,stable,3,3,,0.029479591000040273,0.051883484620618175,0.9371024837406474,0.9240784059403416,0.8721949213197234,True,False,False,0,0,0,0,0.0782778500216732,0.03741268552333986,0.02107142857142857,0.01550595238095238,A4
15,stable,3,3,,0.028822537999985798,0.05072708461414553,0.9240784059403416,0.9386133417309609,0.8878862571168153,True,False,False,0,0,0,0,0.10431335616438353,0.05293869928767939,0.01550595238095238,0.020654761904761905,A4
1,stable,0,0,,4.199999921183917e-07,7.391915013917445e-07,0.9350410005187699,0.9296125018095444,0.929611762618043,True,False,False,0,0,0,0,0.059896247240618095,0.029401420158371123,0.024166666666666666,0.025833333333333333,random
2,stable,3,3,,0.03132388599999558,0.05512940656254517,0.9296125018095444,0.9241972485976977,0.8690678420351525,True,False,False,0,0,0,0,0.044462886821034386,0.015944007450155125,0.025833333333333333,0.022410714285714287,random
3,stable,2,2,,0.023772470000039903,0.04183906695447343,0.9241972485976977,0.9313894452300764,0.8895503782756029,True,False,False,0,0,0,0,0.07325760822974711,0.04087731311522473,0.022410714285714287,0.021904761904761906,random
4,stable,1,1,,0.005233907000047111,0.009211570585979944,0.9313894452300764,0.9342646942956192,0.9250531237096392,True,False,False,0,0,0,0,0.09572445255474454,0.06098100567918673,0.021904761904761906,0.015416666666666667,random
5,stable,1,1,,0.00496464200000446,0.008737669625530239,0.9342646942956192,0.9209394558290142,0.9122017862034839,True,False,False,0,0,0,0,0.1081186076493339,0.042449032621509675,0.015416666666666667,0.018571428571428572,random
6,stable,3,3,,0.02946906299996499,0.05186495555316974,0.9209394558290142,0.9320779623207275,0.8802130067675578,True,False,False,0,0,0,0,0.05356416881998283,0.03547167631585826,0.018571428571428572,0.017886904761904764,random
7,stable,0,0,,3.68999963029637e-07,6.494324804855906e-07,0.9320779623207275,0.9346889997534001,0.9346883503209197,True,False,False,0,0,0,0,0.07738112522686025,0.06931428160100964,0.017886904761904764,0.017261904761904763,random
8,stable,2,2,,0.024332046000040464,0.04282390941005758,0.9346889997534001,0.9364951572809751,0.8936712478709176,True,False,False,0,0,0,0,0.06860348681269557,0.046601000500494504,0.017261904761904763,0.02217261904761905,random
9,stable,0,0,,4.419999868332525e-07,7.779110476514129e-07,0.9364951572809751,0.924409384375599,0.9244086064645514,True,False,False,0,0,0,0,0.08931339549692974,0.07448099639213154,0.02217261904761905,0.019583333333333335,random
10,stable,0,0,,4.260000423528254e-07,7.497514685928076e-07,0.924409384375599,0.9373995394649799,0.9373987897135113,True,False,False,0,0,0,0,0.06521839080459768,0.028861948657440968,0.019583333333333335,0.022113095238095237,random
11,stable,2,2,,0.024634795999986636,0.04335674329388174,0.9373995394649799,0.9393119658242266,0.8959552225303449,True,False,False,0,0,0,0,0.07761490145115879,0.03103588266628575,0.022113095238095237,0.01806547619047619,random
12,stable,3,3,,0.030321692000029543,0.05336556536868184,0.9393119658242266,0.9300040191170176,0.8766384537483357,True,False,False,0,0,0,0,0.06987246000864678,0.031887582464040255,0.01806547619047619,0.01744047619047619,random
13,stable,2,2,,0.0251531830000431,0.04426909394165434,0.9300040191170176,0.9375216942335912,0.8932526002919369,True,False,False,0,0,0,0,0.08257821953327571,0.04216258966952483,0.01744047619047619,0.01586309523809524,random
14,stable,3,3,,0.030931669999972655,0.05443911432595606,0.9375216942335912,0.9240784059403416,0.8696392916143856,True,False,False,0,0,0,0,0.10492804508019066,0.06434486885046481,0.01586309523809524,0.01550595238095238,random
15,stable,2,2,,0.024035926000010477,0.04230274419214827,0.9240784059403416,0.938316975454434,0.8960142312622857,True,False,False,0,0,0,0,0.10431335616438353,0.05293869928767939,0.01550595238095238,0.01767857142857143,random
1,stable,0,0,,4.040000476379646e-07,7.110319223331392e-07,0.9350410005187699,0.9296125018095444,0.929611790777622,True,False,False,0,0,0,0,0.059896247240618095,0.029401420158371123,0.024166666666666666,0.025833333333333333,heuristic
2,stable,0,0,,3.13999976242485e-07,5.526336148364197e-07,0.9296125018095444,0.9320426523173404,0.9320420996837255,True,False,False,0,0,0,0,0.044462886821034386,0.015944007450155125,0.025833333333333333,0.025327380952380952,heuristic
3,stable,0,0,,2.9399996037682286e-07,5.174339909482598e-07,0.9320426523173404,0.9454650550191217,0.9454645375851307,True,False,False,0,0,0,0,0.05718308649924886,0.018531089920196617,0.025327380952380952,0.026339285714285714,heuristic
4,stable,0,0,,4.0099996567732887e-07,7.057518386893389e-07,0.9454650550191217,0.9495717212192156,0.949571015467377,True,False,False,0,0,0,0,0.054916058394160555,0.020283683945252352,0.026339285714285714,0.025773809523809525,heuristic
5,stable,0,0,,3.1599995509168366e-07,5.561535372079281e-07,0.9495717212192156,0.9366790523919039,0.9366784962383666,True,False,False,0,0,0,0,0.057726688102893914,0.015742810433782756,0.025773809523809525,0.026904761904761904,heuristic
6,stable,0,0,,3.339999921081471e-07,5.878332387245796e-07,0.9366790523919039,0.9373602593325538,0.9373596714993151,True,False,False,0,0,0,0,0.07268103645952761,0.024433491917330057,0.026904761904761904,0.023779761904761904,heuristic
7,stable,0,0,,3.1599995509168366e-07,5.561535372079281e-07,0.9373602593325538,0.9386054396677156,0.9386048835141784,True,False,False,0,0,0,0,0.06865198711063372,0.02019837249509853,0.023779761904761904,0.02324404761904762,heuristic
8,stable,0,0,,4.199999921183917e-07,7.391915013917445e-07,0.9386054396677156,0.9453031925861437,0.9453024533946424,True,False,False,0,0,0,0,0.05974543893539386,0.0314940971798637,0.02324404761904762,0.028511904761904763,heuristic
9,stable,0,0,,3.9499991544289514e-07,6.951918714882758e-07,0.9453031925861437,0.9352176844033827,0.9352169892115112,True,False,False,0,0,0,0,0.07348128342245988,0.023105300472721798,0.028511904761904763,0.02705357142857143,heuristic
10,stable,0,0,,3.8400003177230246e-07,6.758322984449793e-07,0.9352176844033827,0.9435489205858592,0.9435482447535607,True,False,False,0,0,0,0,0.07998157274480394,0.026947773341137522,0.02705357142857143,0.02869047619047619,heuristic
11,stable,0,0,,3.65999994755839e-07,6.441525969283279e-07,0.9435489205858592,0.9484853005729434,0.9484846564203465,True,False,False,0,0,0,0,0.06963110307414111,0.027939572352067885,0.02869047619047619,0.02556547619047619,heuristic
12,stable,0,0,,2.9099999210302485e-07,5.121541073909972e-07,0.9484853005729434,0.9402644171260983,0.940263904971991,True,False,False,0,0,0,0,0.05888975356679638,0.015843721427232987,0.02556547619047619,0.02782738095238095,heuristic
13,stable,0,0,,3.8899997889529914e-07,6.846321043737504e-07,0.9402644171260983,0.942129748727332,0.9421290640952277,True,False,False,0,0,0,0,0.05820570440795164,0.02466577668595249,0.02782738095238095,0.025476190476190475,heuristic
14,stable,0,0,,3.610000476328423e-07,6.353527909995567e-07,0.942129748727332,0.9349485714123887,0.9349479360595977,True,False,False,0,0,0,0,0.06445064377682408,0.023233859379868698,0.025476190476190475,0.02592261904761905,heuristic
15,stable,0,0,,3.500000502754119e-07,6.159930178697225e-07,0.9349485714123887,0.9468479154638815,0.9468472994708637,True,False,False,0,0,0,0,0.042150684931506865,0.017630627663051835,0.02592261904761905,0.030833333333333334,heuristic
1,covariate,0,0,,3.08000039694889e-07,5.420738477218944e-07,0.9350410005187699,0.9296125018095444,0.9296119597356967,True,False,False,0,0,0,0,0.059896247240618095,0.029401420158371123,0.024166666666666666,0.025833333333333333,dqn
2,covariate,0,0,,3.170000582031207e-07,5.579136984802201e-07,0.9296125018095444,0.9320426523173404,0.9320420944036419,True,False,False,0,0,0,0,0.044462886821034386,0.015944007450155125,0.025833333333333333,0.025327380952380952,dqn
3,covariate,0,0,,3.4599997889017686e-07,6.08952973040168e-07,0.9320426523173404,0.9454650550191217,0.9454644460661487,True,False,False,0,0,0,0,0.05718308649924886,0.018531089920196617,0.025327380952380952,0.026339285714285714,dqn
4,covariate,0,0,,3.4800007142621325e-07,6.124730954982142e-07,0.9454650550191217,0.5783546863040835,0.578354073830988,True,False,True,0,0,1,0,0.054916058394160555,0.020283683945252352,0.026339285714285714,0.8230654761904762,dqn
5,covariate,1,1,,0.005172561999984282,0.009103604625145981,0.5783546863040835,0.9323494118925846,0.9232458072674385,True,True,True,1,0,1,0,0.97,20.609009000901487,0.8230654761904762,0.023392857142857142,dqn
6,covariate,0,0,,3.359999709573458e-07,5.91353161096088e-07,0.9323494118925846,0.9310884840990451,0.931087892745884,True,True,True,1,0,1,0,0.05356416881998283,0.03547167631585826,0.023392857142857142,0.02119047619047619,dqn
7,covariate,0,0,,4.0600002648716327e-07,7.145518447046477e-07,0.9310884840990451,0.9326375144991531,0.9326367999473084,True,True,True,1,0,1,0,0.06306125080593172,0.05785762735431352,0.02119047619047619,0.021547619047619048,dqn
8,covariate,0,0,,4.20999981542991e-07,7.409514625774987e-07,0.9326375144991531,0.6503215353509898,0.6503207943995272,True,True,True,1,0,2,0,0.072288259283108,0.04126632474541632,0.021547619047619048,0.5189285714285714,dqn
9,covariate,1,1,,0.004989674999933413,0.008781727199694682,0.6503215353509898,0.9345209421133153,0.9257392149136205,True,True,True,2,0,2,0,0.9410000000000001,21.373813906951412,0.5189285714285714,0.02675595238095238,dqn
10,covariate,0,0,,4.0899999476096127e-07,7.198317282619103e-07,0.9345209421133153,0.9423444497929564,0.9423437299612282,True,True,True,2,0,2,0,0.05603448275862069,0.05776518128008616,0.02675595238095238,0.028958333333333332,dqn
11,covariate,1,1,,0.004935537999926964,0.0086864471733457,0.9423444497929564,0.9459953493176034,0.9373089021442578,True,True,True,2,0,2,0,0.09808860759493665,0.08771758728041325,0.028958333333333332,0.012440476190476191,dqn
12,covariate,0,0,,3.420000211917795e-07,6.019131282971511e-07,0.9459953493176034,0.6256541986667016,0.6256535967535732,True,True,True,2,0,3,0,0.0656263855683547,0.0327831488898534,0.012440476190476191,0.4857440476190476,dqn
13,covariate,1,1,,0.004957354999987729,0.008724844652710975,0.6256541986667016,0.9374448812478487,0.9287200365951378,True,True,True,3,0,3,0,0.9039460188933873,18.44708142399783,0.4857440476190476,0.02107142857142857,dqn
14,covariate,0,0,,3.6400001590664033e-07,6.406326745568194e-07,0.9374448812478487,0.9265075287940618,0.9265068881613873,True,True,True,3,0,3,0,0.0782778500216732,0.03741268552333986,0.02107142857142857,0.024523809523809524,dqn
15,covariate,0,0,,3.1000001854408765e-07,5.455937700934028e-07,0.9265075287940618,0.9412162564075648,0.9412157108137947,True,True,True,3,0,3,0,0.0791729452054794,0.046400077303078706,0.024523809523809524,0.028898809523809525,dqn
1,covariate,0,0,,3.229999947507167e-07,5.684734655947454e-07,0.9350410005187699,0.9296125018095444,0.9296119333360787,True,False,False,0,0,0,0,0.059896247240618095,0.029401420158371123,0.024166666666666666,0.025833333333333333,A1
2,covariate,0,0,,3.420000211917795e-07,6.019131282971511e-07,0.9296125018095444,0.9320426523173404,0.9320420504042121,True,False,False,0,0,0,0,0.044462886821034386,0.015944007450155125,0.025833333333333333,0.025327380952380952,A1
3,covariate,0,0,,3.190000370523194e-07,5.614336208517286e-07,0.9320426523173404,0.9454650550191217,0.9454644935855009,True,False,False,0,0,0,0,0.05718308649924886,0.018531089920196617,0.025327380952380952,0.026339285714285714,A1
4,covariate,0,0,,3.7500001326407073e-07,6.599924476866536e-07,0.9454650550191217,0.5783546863040835,0.5783540263116358,True,False,True,0,0,1,0,0.054916058394160555,0.020283683945252352,0.026339285714285714,0.8230654761904762,A1
5,covariate,0,0,,3.390000529179815e-07,5.966332447398885e-07,0.5783546863040835,0.5719323161592236,0.5719317195259789,True,True,True,1,0,1,0,0.97,20.609009000901487,0.8230654761904762,0.8176190476190476,A1
6,covariate,0,0,,3.6500000533123966e-07,6.423926357425737e-07,0.5719323161592236,0.5904964372252809,0.5904957948326451,True,True,True,1,0,1,0,0.97,20.605325288594713,0.8176190476190476,0.8280357142857143,A1
7,covariate,0,0,,3.790000846493058e-07,6.670324925162082e-07,0.5904964372252809,0.5677369518160912,0.5677362847835987,True,True,True,1,0,1,0,0.97,20.607072079929193,0.8280357142857143,0.8319642857142857,A1
8,covariate,0,0,,4.199999921183917e-07,7.391915013917445e-07,0.5677369518160912,0.5393825318456744,0.5393817926541731,True,True,True,1,0,2,0,0.97,20.607653592964077,0.8319642857142857,0.9618154761904761,A1
9,covariate,0,0,,3.8900009258213686e-07,6.846323044602882e-07,0.5393825318456744,0.524217986648106,0.5242173020158015,True,True,True,2,0,2,0,1.0,20.609009000901487,0.9618154761904761,0.9589880952380953,A1
10,covariate,0,0,,3.469999683147762e-07,6.107129342259223e-07,0.524217986648106,0.5253519461545607,0.5253513354416265,True,True,True,2,0,2,0,0.9993569131832798,20.607847347381743,0.9589880952380953,0.9586011904761905,A1
11,covariate,0,0,,3.090000291194883e-07,5.438338089076485e-07,0.5253519461545607,0.5305328345062846,0.5305322906724758,True,True,True,2,0,2,0,0.9991392296105014,20.606490191845552,0.9586011904761905,0.9577380952380953,A1
12,covariate,0,0,,3.4499998946557753e-07,6.071930118544137e-07,0.5305328345062846,0.5172050244787525,0.5172044172857406,True,True,True,2,0,3,0,0.9995676610462603,20.607459796928023,0.9577380952380953,0.957827380952381,A1
13,covariate,0,0,,3.229999947507167e-07,5.684734655947454e-07,0.5172050244787525,0.4935640138408304,0.4935634453673648,True,True,True,3,0,3,0,1.0,20.609589267258073,0.957827380952381,0.9613690476190476,A1
14,covariate,0,0,,3.2100001590151805e-07,5.64953543223237e-07,0.4935640138408304,0.517776633976285,0.5177760690227419,True,True,True,3,0,3,0,1.0,20.60726595925569,0.9613690476190476,0.9627083333333334,A1
15,covariate,0,0,,2.949999498014222e-07,5.191939521340141e-07,0.517776633976285,0.5300309662520338,0.5300304470580817,True,True,True,3,0,3,0,1.0,20.61074868156496,0.9627083333333334,0.9607738095238095,A1
1,covariate,1,1,,0.004751629999987017,0.008362772808715615,0.9350410005187699,0.928995636207022,0.9206328633983063,True,False,False,0,0,0,0,0.059896247240618095,0.029401420158371123,0.024166666666666666,0.017470238095238094,A2
2,covariate,1,1,,0.004824124000037955,0.008490360784299291,0.928995636207022,0.9249680821223852,0.9164777213380859,True,False,False,0,0,0,0,0.10198456260720412,0.04333751357544122,0.017470238095238094,0.022410714285714287,A2
3,covariate,1,1,,0.004746789000023455,0.008354252746576436,0.9249680821223852,0.9407804133774993,0.9324261606309229,True,False,False,0,0,0,0,0.07325760822974711,0.04087731311522473,0.022410714285714287,0.014553571428571428,A2
4,covariate,1,1,,0.0046542459999727726,0.008191378936018179,0.9407804133774993,0.6258761846607535,0.6176848057247353,True,False,True,0,0,1,0,0.0743542292829541,0.04338131992338812,0.014553571428571428,0.7571428571428571,A2
5,covariate,1,1,,0.004869233999897915,0.00856975347275169,0.6258761846607535,0.9323494118925846,0.9237796584198329,True,True,True,1,0,1,0,0.973,21.30986069785364,0.7571428571428571,0.023392857142857142,A2
6,covariate,1,1,,0.004702260000044589,0.008275882606177546,0.9323494118925846,0.9328794868501356,0.924603604243958,True,True,True,1,0,1,0,0.05356416881998283,0.03547167631585826,0.023392857142857142,0.022202380952380953,A2
7,covariate,1,1,,0.00479644000006374,0.008441637503610037,0.9328794868501356,0.9346847843727408,0.9262431468691308,True,True,True,1,0,1,0,0.07738112522686025,0.06931428160100964,0.022202380952380953,0.01693452380952381,A2
8,covariate,1,1,,0.004800530000011349,0.008448835820892656,0.9346847843727408,0.6557144657258065,0.6472656299049139,True,True,True,1,0,2,0,0.0838951890034364,0.035338884881950555,0.01693452380952381,0.5725297619047619,A2
9,covariate,1,1,,0.004662410000037198,0.008205747411204445,0.6557144657258065,0.9345209421133153,0.9263151947021109,True,True,True,2,0,2,0,0.923,21.25584926157057,0.5725297619047619,0.02675595238095238,A2
10,covariate,1,1,,0.004696057999922232,0.00826496721125348,0.9345209421133153,0.942600615360363,0.9343356481491095,True,True,True,2,0,2,0,0.05603448275862069,0.05776518128008616,0.02675595238095238,0.025744047619047618,A2
11,covariate,1,1,,0.004745245999970393,0.008351537097654356,0.942600615360363,0.9459953493176034,0.9376438122199491,True,True,True,2,0,2,0,0.0961338155515371,0.07312241359947172,0.025744047619047618,0.012440476190476191,A2
12,covariate,1,1,,0.005090802999916377,0.008959710436701695,0.9459953493176034,0.6285990027929951,0.6196392923562933,True,True,True,2,0,3,0,0.0656263855683547,0.0327831488898534,0.012440476190476191,0.5291964285714286,A2
13,covariate,1,1,,0.0048776219999808745,0.008584516183445383,0.6285990027929951,0.9374448812478487,0.9288603650644034,True,True,True,3,0,3,0,0.906,20.94765581481275,0.5291964285714286,0.02107142857142857,A2
14,covariate,1,1,,0.004886790999989898,0.00860065343823138,0.9374448812478487,0.9213770599046759,0.9127764064664445,True,True,True,3,0,3,0,0.0782778500216732,0.03741268552333986,0.02107142857142857,0.01556547619047619,A2
15,covariate,1,1,,0.0050906290000511945,0.008959404200454078,0.9213770599046759,0.941100439125947,0.9321410349254929,True,True,True,3,0,3,0,0.10431335616438353,0.05293869928767939,0.01556547619047619,0.020714285714285713,A2
1,covariate,2,2,,0.02410828799997944,0.0424300998502543,0.9350410005187699,0.9188207747947201,0.8763906749444659,True,False,False,0,0,0,0,0.059896247240618095,0.029401420158371123,0.024166666666666666,0.025833333333333333,A3
2,covariate,2,2,,0.023871817999975065,0.04201391742735543,0.9188207747947201,0.9241506170554159,0.8821366996280605,True,False,False,0,0,0,0,0.044462886821034386,0.015944007450155125,0.025833333333333333,0.025327380952380952,A3
3,covariate,2,2,,0.023469620000014402,0.04130605707252982,0.9241506170554159,0.9308341705112864,0.8895281134387565,True,False,False,0,0,0,0,0.05718308649924886,0.018531089920196617,0.025327380952380952,0.026339285714285714,A3
4,covariate,2,2,,0.02400918399996499,0.04225567881230353,0.9308341705112864,0.6108748199090541,0.5686191410967506,True,False,True,0,0,1,0,0.054916058394160555,0.020283683945252352,0.026339285714285714,0.8230654761904762,A3
5,covariate,2,2,,0.020273088999942956,0.035680227087937784,0.6108748199090541,0.7479630058696323,0.7122827787816944,True,True,True,1,0,1,0,0.97,20.609009000901487,0.8230654761904762,0.8176190476190476,A3
6,covariate,2,2,,0.019513552000034906,0.034343457312079426,0.7479630058696323,0.743230220050958,0.7088867627388785,True,True,True,1,0,1,0,0.97,20.605325288594713,0.8176190476190476,0.8280357142857143,A3
7,covariate,2,2,,0.019682098999965092,0.03464009662701149,0.743230220050958,0.7450969853705214,0.7104568887435099,True,True,True,1,0,1,0,0.97,20.607072079929193,0.8280357142857143,0.8319642857142857,A3
8,covariate,2,2,,0.01926862000004803,0.033912381940158595,0.7450969853705214,0.543154182322214,0.5092418003820555,True,True,True,1,0,2,0,0.97,20.607653592964077,0.8319642857142857,0.9618154761904761,A3
9,covariate,2,2,,0.017724135999969803,0.03119412130130713,0.543154182322214,0.5227132243194288,0.4915191030181217,True,True,True,2,0,2,0,1.0,20.609009000901487,0.9618154761904761,0.9589880952380953,A3
10,covariate,2,2,,0.017679503000067598,0.03111556812314414,0.5227132243194288,0.5162978304746946,0.48518226235155043,True,True,True,2,0,2,0,0.9993569131832798,20.607847347381743,0.9589880952380953,0.9586011904761905,A3
11,covariate,2,2,,0.017630263999990348,0.03102890847772236,0.5162978304746946,0.5326236332703106,0.5015947247925883,True,True,True,2,0,2,0,0.9991392296105014,20.606490191845552,0.9586011904761905,0.9577380952380953,A3
12,covariate,2,2,,0.01726702899998145,0.0303896222156909,0.5326236332703106,0.5161492781607588,0.4857596559450679,True,True,True,2,0,3,0,0.9995676610462603,20.607459796928023,0.9577380952380953,0.957827380952381,A3
13,covariate,2,2,,0.017698048999932325,0.031148208708244328,0.5161492781607588,0.49357307197594147,0.46242486326769716,True,True,True,3,0,3,0,1.0,20.609589267258073,0.957827380952381,0.9613690476190476,A3
14,covariate,2,2,,0.01853719199993975,0.032625083436096734,0.49357307197594147,0.5169412026246705,0.48431611918857376,True,True,True,3,0,3,0,1.0,20.60726595925569,0.9613690476190476,0.9627083333333334,A3
15,covariate,2,2,,0.017783523000048262,0.031298641221723635,0.5169412026246705,0.5222771567032313,0.4909785154815076,True,True,True,3,0,3,0,1.0,20.61074868156496,0.9627083333333334,0.9607738095238095,A3
1,covariate,3,3,,0.028618141000038122,0.05036735002341559,0.9350410005187699,0.9186518839788516,0.8682845339554359,True,False,False,0,0,0,0,0.059896247240618095,0.029401420158371123,0.024166666666666666,0.017470238095238094,A4
2,covariate,3,3,,0.02969219700003123,0.05225766688558809,0.9186518839788516,0.9241972485976977,0.8719395817121096,True,False,False,0,0,0,0,0.10198456260720412,0.04333751357544122,0.017470238095238094,0.022410714285714287,A4
3,covariate,3,3,,0.028280969999968875,0.0497739358747394,0.9241972485976977,0.9314061532401807,0.8816322173654413,True,False,False,0,0,0,0,0.07325760822974711,0.04087731311522473,0.022410714285714287,0.014553571428571428,A4
4,covariate,3,3,,0.029954459999999017,0.05271924446735872,0.9314061532401807,0.6356169240466436,0.5828976795792848,True,False,True,0,0,1,0,0.0743542292829541,0.04338131992338812,0.014553571428571428,0.7571428571428571,A4
5,covariate,3,3,,0.02866574600000149,0.0504511338616466,0.6356169240466436,0.9285249974255998,0.8780738635639532,True,True,True,1,0,1,0,0.973,21.30986069785364,0.7571428571428571,0.023392857142857142,A4
6,covariate,3,3,,0.029032099999994898,0.05109590950064152,0.9285249974255998,0.93175357892132,0.8806576694206785,True,True,True,1,0,1,0,0.05356416881998283,0.03547167631585826,0.023392857142857142,0.022202380952380953,A4
7,covariate,3,3,,0.02840966999997363,0.050000445274781986,0.93175357892132,0.9360899112592115,0.8860894659844295,True,True,True,1,0,1,0,0.07738112522686025,0.06931428160100964,0.022202380952380953,0.01693452380952381,A4
8,covariate,3,3,,0.028591752000011184,0.050320905916472265,0.9360899112592115,0.640962214763563,0.5906413088470907,True,True,True,1,0,2,0,0.0838951890034364,0.035338884881950555,0.01693452380952381,0.5725297619047619,A4
9,covariate,3,3,,0.028618518000030235,0.05036801353578564,0.640962214763563,0.9334325739404743,0.8830645604046886,True,True,True,2,0,2,0,0.923,21.25584926157057,0.5725297619047619,0.02675595238095238,A4
10,covariate,3,3,,0.029154539999922235,0.05131140142701085,0.9334325739404743,0.9353952550254899,0.8840838535984791,True,True,True,2,0,2,0,0.05603448275862069,0.05776518128008616,0.02675595238095238,0.025744047619047618,A4
11,covariate,3,3,,0.02919710200001191,0.05138630968734161,0.9353952550254899,0.9410807170256289,0.8896944073382873,True,True,True,2,0,2,0,0.0961338155515371,0.07312241359947172,0.025744047619047618,0.012440476190476191,A4
12,covariate,3,3,,0.02930438599992158,0.05157512735985763,0.9410807170256289,0.6875045506306809,0.6359294232708234,True,True,True,2,0,3,0,0.0656263855683547,0.0327831488898534,0.012440476190476191,0.5291964285714286,A4
13,covariate,3,3,,0.028371193999987554,0.04993272829208919,0.6875045506306809,0.9369568289280603,0.8870241006359711,True,True,True,3,0,3,0,0.906,20.94765581481275,0.5291964285714286,0.02107142857142857,A4
14,covariate,3,3,,0.028329754999958823,0.04985979648917912,0.9369568289280603,0.9240784059403416,0.8742186094511625,True,True,True,3,0,3,0,0.0782778500216732,0.03741268552333986,0.02107142857142857,0.01556547619047619,A4
15,covariate,3,3,,0.029050385000005008,0.05112809073127024,0.9240784059403416,0.9386133417309609,0.8874852509996907,True,True,True,3,0,3,0,0.10431335616438353,0.05293869928767939,0.01556547619047619,0.020714285714285713,A4
1,covariate,0,0,,4.6500008465955034e-07,8.183907551833731e-07,0.9350410005187699,0.9296125018095444,0.9296116834187892,True,False,False,0,0,0,0,0.059896247240618095,0.029401420158371123,0.024166666666666666,0.025833333333333333,random
2,covariate,3,3,,0.029003715999920132,0.05104595423391653,0.9296125018095444,0.9241972485976977,0.8731512943637811,True,False,False,0,0,0,0,0.044462886821034386,0.015944007450155125,0.025833333333333333,0.022410714285714287,random
3,covariate,2,2,,0.023941504000049463,0.04213656337970693,0.9241972485976977,0.9313894452300764,0.8892528818503694,True,False,False,0,0,0,0,0.07325760822974711,0.04087731311522473,0.022410714285714287,0.021904761904761906,random
4,covariate,1,1,,0.0047456519999968805,0.00835225164949906,0.9313894452300764,0.6052621026743505,0.5969098510248515,True,False,True,0,0,1,0,0.09572445255474454,0.06098100567918673,0.021904761904761906,0.7571428571428571,random
5,covariate,1,1,,0.004994179000050281,0.008789654148911667,0.6052621026743505,0.9196504679687411,0.9108608138198294,True,True,True,1,0,1,0,0.973,21.30986069785364,0.7571428571428571,0.023392857142857142,random
6,covariate,3,3,,0.02902472100004161,0.051082922609792476,0.9196504679687411,0.93175357892132,0.8806706563115275,True,True,True,1,0,1,0,0.05356416881998283,0.03547167631585826,0.023392857142857142,0.022202380952380953,random
7,covariate,0,0,,3.3200001325894846e-07,5.843133163530712e-07,0.93175357892132,0.9346352536499928,0.9346346693366764,True,True,True,1,0,1,0,0.07738112522686025,0.06931428160100964,0.022202380952380953,0.022589285714285715,random
8,covariate,2,2,,0.024285145000021657,0.04274136459750696,0.9346352536499928,0.6937624576154693,0.6510210930179623,True,True,True,1,0,2,0,0.06860348681269557,0.046601000500494504,0.022589285714285715,0.5346726190476191,random
9,covariate,0,0,,3.4599997889017686e-07,6.08952973040168e-07,0.6937624576154693,0.715493667578187,0.715493058625214,True,True,True,2,0,2,0,0.8939956933677864,19.06198118664943,0.5346726190476191,0.5298809523809523,random
10,covariate,0,0,,3.3499998153274646e-07,5.895931999103339e-07,0.715493667578187,0.6821330146746276,0.6821324250814277,True,True,True,2,0,2,0,0.9054725938713853,19.047725442631254,0.5298809523809523,0.539375,random
11,covariate,2,2,,0.022520971000062673,0.03963645399698874,0.6821330146746276,0.8677467572894642,0.8281103032924754,True,True,True,2,0,2,0,0.9093270521983972,19.033467988054824,0.539375,0.5317857142857143,random
12,covariate,3,3,,0.028538421000007475,0.0502270444338455,0.8677467572894642,0.6875045506306809,0.6372775061968354,True,True,True,2,0,3,0,0.9073983916539882,19.055908573979472,0.5317857142857143,0.5291964285714286,random
13,covariate,2,2,,0.02172388700000738,0.03823360225938651,0.6875045506306809,0.8906393231761445,0.8524057209167579,True,True,True,3,0,3,0,0.906,20.94765581481275,0.5291964285714286,0.5286309523809524,random
14,covariate,3,3,,0.02952782800002751,0.051968380766123694,0.8906393231761445,0.9240784059403416,0.872110025174218,True,True,True,3,0,3,0,0.906,20.945309259392864,0.5286309523809524,0.01556547619047619,random
15,covariate,2,2,,0.023713699000040833,0.04173563118175236,0.9240784059403416,0.9383204744659633,0.896584843284211,True,True,True,3,0,3,0,0.10431335616438353,0.05293869928767939,0.01556547619047619,0.01794642857142857,random
1,covariate,0,0,,4.939998916597688e-07,8.694298296567833e-07,0.9350410005187699,0.9296125018095444,0.9296116323797147,True,False,False,0,0,0,0,0.059896247240618095,0.029401420158371123,0.024166666666666666,0.025833333333333333,heuristic
2,covariate,0,0,,4.70000031782547e-07,8.271905611121443e-07,0.9296125018095444,0.9320426523173404,0.9320418251267792,True,False,False,0,0,0,0,0.044462886821034386,0.015944007450155125,0.025833333333333333,0.025327380952380952,heuristic
3,covariate,0,0,,3.6799997360503767e-07,6.476725192998363e-07,0.9320426523173404,0.9454650550191217,0.9454644073466024,True,False,False,0,0,0,0,0.05718308649924886,0.018531089920196617,0.025327380952380952,0.026339285714285714,heuristic
4,covariate,0,0,,4.929999022351694e-07,8.676698684710291e-07,0.9454650550191217,0.5783546863040835,0.578353818634215,True,False,True,0,0,1,0,0.054916058394160555,0.020283683945252352,0.026339285714285714,0.8230654761904762,heuristic
5,covariate,3,3,,0.02912475200002973,0.0512589751489699,0.5783546863040835,0.9285249974255998,0.8772660222766299,True,True,True,1,0,1,0,0.97,20.609009000901487,0.8230654761904762,0.023392857142857142,heuristic
6,covariate,0,0,,3.989999868281302e-07,7.022319163178304e-07,0.9285249974255998,0.9314114161185894,0.9314107138866731,True,True,True,1,0,1,0,0.05356416881998283,0.03547167631585826,0.023392857142857142,0.02119047619047619,heuristic
7,covariate,0,0,,3.930000502805342e-07,6.91672149203305e-07,0.9314114161185894,0.9352436735918346,0.9352429819196854,True,True,True,1,0,1,0,0.06306125080593172,0.05785762735431352,0.02119047619047619,0.021547619047619048,heuristic
8,covariate,0,0,,5.440000450107618e-07,9.574290894637206e-07,0.9352436735918346,0.7126629513379766,0.7126619939088872,True,True,True,1,0,2,0,0.072288259283108,0.04126632474541632,0.021547619047619048,0.5189285714285714,heuristic
9,covariate,3,3,,0.02927666899995529,0.05152634599984898,0.7126629513379766,0.9334325739404743,0.8819062279406253,True,True,True,2,0,2,0,0.9410000000000001,21.373813906951412,0.5189285714285714,0.02675595238095238,heuristic
10,covariate,0,0,,3.229999947507167e-07,5.684734655947454e-07,0.9334325739404743,0.9379368537801311,0.9379362853066655,True,True,True,2,0,2,0,0.05603448275862069,0.05776518128008616,0.02675595238095238,0.028958333333333332,heuristic
11,covariate,0,0,,3.389999392311438e-07,5.966330446533507e-07,0.9379368537801311,0.9426723062048309,0.9426717095717863,True,True,True,2,0,2,0,0.09808860759493665,0.08771758728041325,0.028958333333333332,0.023303571428571427,heuristic
12,covariate,0,0,,3.309999101475114e-07,5.825531550807793e-07,0.9426723062048309,0.6270288531828204,0.6270282706296654,True,True,True,2,0,3,0,0.07474329255204981,0.07806961029327418,0.023303571428571427,0.5873809523809523,heuristic
13,covariate,3,3,,0.02895803900003102,0.05096556363686722,0.6270288531828204,0.9369568289280603,0.8859912652911931,True,True,True,3,0,3,0,0.92,21.02139342004469,0.5873809523809523,0.02107142857142857,heuristic
14,covariate,0,0,,4.1099997361015994e-07,7.233516506334187e-07,0.9369568289280603,0.9241527451707819,0.9241520218191313,True,True,True,3,0,3,0,0.0782778500216732,0.03741268552333986,0.02107142857142857,0.024523809523809524,heuristic
15,covariate,0,0,,4.859999762629741e-07,8.553501401707495e-07,0.9241527451707819,0.9422992004758655,0.9422983451257253,True,True,True,3,0,3,0,0.0791729452054794,0.046400077303078706,0.024523809523809524,0.028898809523809525,heuristic
1,concept,0,0,,4.070000159117626e-07,7.163118058904019e-07,0.9350410005187699,0.9296125018095444,0.9296117854977385,True,False,False,0,0,0,0,0.059896247240618095,0.029401420158371123,0.024166666666666666,0.025833333333333333,dqn
2,concept,0,0,,4.2700003177742474e-07,7.515114297785617e-07,0.9296125018095444,0.9320426523173404,0.9320419008059107,True,False,False,0,0,0,0,0.044462886821034386,0.015944007450155125,0.025833333333333333,0.025327380952380952,dqn
3,concept,0,0,,4.1900000269379234e-07,7.374315402059903e-07,0.9320426523173404,0.9454650550191217,0.9454643175875815,True,False,False,0,0,0,0,0.05718308649924886,0.018531089920196617,0.025327380952380952,0.026339285714285714,dqn
4,concept,0,0,,3.989999868281302e-07,7.022319163178304e-07,0.9454650550191217,0.6321867777855592,0.6321860755536429,True,False,True,0,0,0,1,0.054916058394160555,0.020283683945252352,0.026339285714285714,0.025773809523809525,dqn
5,concept,2,2,,0.024083181999912995,0.0423859137973226,0.6321867777855592,0.9241431611024649,0.8817572473051423,True,True,True,0,1,0,1,0.057726688102893914,0.015742810433782756,0.025773809523809525,0.026904761904761904,dqn
6,concept,0,0,,3.7600000268867007e-07,6.617524088724078e-07,0.9241431611024649,0.9219301340239798,0.921929472271571,True,True,True,0,1,0,1,0.07268103645952761,0.024433491917330057,0.026904761904761904,0.023779761904761904,dqn
7,concept,1,1,,0.00473135300001104,0.008327085698388866,0.9219301340239798,0.9135893513389953,0.9052622656406064,True,True,True,0,1,0,1,0.06865198711063372,0.02019837249509853,0.023779761904761904,0.01657738095238095,dqn
8,concept,0,0,,4.1300006614619633e-07,7.268717730914649e-07,0.9135893513389953,0.8115358470156845,0.8115351201439114,True,True,True,0,1,0,2,0.0838951890034364,0.035338884881950555,0.01657738095238095,0.021160714285714286,dqn
9,concept,2,2,,0.023229803000049287,0.04088398399731532,0.8115358470156845,0.9366863194361005,0.8958023354387852,True,True,True,0,2,0,2,0.08098391593394816,0.0245025766931405,0.021160714285714286,0.021726190476190475,dqn
10,concept,0,0,,3.360000846441835e-07,5.913533611826257e-07,0.9366863194361005,0.9359457771323005,0.9359451857789394,True,True,True,0,2,0,2,0.07414472836590086,0.04631054173095973,0.021726190476190475,0.022857142857142857,dqn
11,concept,2,2,,0.023366838000015377,0.041125162828908234,0.9359457771323005,0.9351499641381005,0.8940248013091923,True,True,True,0,2,0,2,0.06397849462365601,0.03821279772661015,0.022857142857142857,0.01851190476190476,dqn
12,concept,0,0,,4.920000264974078e-07,8.659101073718126e-07,0.9351499641381005,0.5866810349777226,0.5866801690676152,True,True,True,0,2,0,3,0.08188614393125676,0.027635411429310325,0.01851190476190476,0.01880952380952381,dqn
13,concept,2,2,,0.027678777999994963,0.0487140901201201,0.5866810349777226,0.9377553585335519,0.8890412684134318,True,True,True,0,3,0,3,0.10122074582083157,0.048058167755653684,0.01880952380952381,0.01806547619047619,dqn
14,concept,1,1,,0.004684464999968441,0.008244563765533744,0.9377553585335519,0.9357532533439662,0.9275086895784325,True,True,True,0,3,0,3,0.08358295964125562,0.05209056935825687,0.01806547619047619,0.01550595238095238,dqn
15,concept,1,1,,0.004958244999897943,0.008726411034573391,0.9357532533439662,0.938106185414174,0.9293797743796006,True,True,True,0,3,0,3,0.10431335616438353,0.05293869928767939,0.01550595238095238,0.020654761904761905,dqn
1,concept,0,0,,4.049999233757262e-07,7.127916834323557e-07,0.9350410005187699,0.9296125018095444,0.9296117890178609,True,False,False,0,0,0,0,0.059896247240618095,0.029401420158371123,0.024166666666666666,0.025833333333333333,A1
2,concept,0,0,,3.710000555656734e-07,6.529526029436368e-07,0.9296125018095444,0.9320426523173404,0.9320419993647374,True,False,False,0,0,0,0,0.044462886821034386,0.015944007450155125,0.025833333333333333,0.025327380952380952,A1
3,concept,0,0,,3.3799994980654446e-07,5.948730834675965e-07,0.9320426523173404,0.9454650550191217,0.9454644601460382,True,False,False,0,0,0,0,0.05718308649924886,0.018531089920196617,0.025327380952380952,0.026339285714285714,A1
4,concept,0,0,,3.4799995773937553e-07,6.124728954116764e-07,0.9454650550191217,0.6321867777855592,0.6321861653126638,True,False,True,0,0,0,1,0.054916058394160555,0.020283683945252352,0.026339285714285714,0.025773809523809525,A1
5,concept,0,0,,3.8099994981166674e-07,6.70552214801179e-07,0.6321867777855592,0.6075779682211769,0.6075772976689622,True,True,True,0,1,0,1,0.057726688102893914,0.015742810433782756,0.025773809523809525,0.026904761904761904,A1
6,concept,0,0,,4.449999551070505e-07,7.831909312086756e-07,0.6075779682211769,0.6182355140660747,0.6182347308751435,True,True,True,0,1,0,1,0.07268103645952761,0.024433491917330057,0.026904761904761904,0.023779761904761904,A1
7,concept,0,0,,3.090000291194883e-07,5.438338089076485e-07,0.6182355140660747,0.5887826836173093,0.5887821397835005,True,True,True,0,1,0,1,0.06865198711063372,0.02019837249509853,0.023779761904761904,0.02324404761904762,A1
8,concept,0,0,,4.0899999476096127e-07,7.198317282619103e-07,0.5887826836173093,0.5021853484542718,0.5021846286225435,True,True,True,0,1,0,2,0.05974543893539386,0.0314940971798637,0.02324404761904762,0.028511904761904763,A1
9,concept,0,0,,3.939999260182958e-07,6.934319103025216e-07,0.5021853484542718,0.510648819201698,0.5106481257697877,True,True,True,0,2,0,2,0.07348128342245988,0.023105300472721798,0.028511904761904763,0.02705357142857143,A1
10,concept,0,0,,3.68999963029637e-07,6.494324804855906e-07,0.510648819201698,0.5330820980235043,0.5330814485910238,True,True,True,0,2,0,2,0.07998157274480394,0.026947773341137522,0.02705357142857143,0.02869047619047619,A1
11,concept,0,0,,3.200000264769187e-07,5.631935820374828e-07,0.5330820980235043,0.5146430275815683,0.5146424643879863,True,True,True,0,2,0,2,0.06963110307414111,0.027939572352067885,0.02869047619047619,0.02556547619047619,A1
12,concept,0,0,,3.610000476328423e-07,6.353527909995567e-07,0.5146430275815683,0.8602663807358413,0.8602657453830502,True,True,True,0,2,0,3,0.05888975356679638,0.015843721427232987,0.02556547619047619,0.02782738095238095,A1
13,concept,0,0,,3.6199992337060394e-07,6.371125520987733e-07,0.8602663807358413,0.8726356633074126,0.8726350261948606,True,True,True,0,3,0,3,0.05820570440795164,0.02466577668595249,0.02782738095238095,0.025476190476190475,A1
14,concept,0,0,,3.9799999740353087e-07,7.004719551320762e-07,0.8726356633074126,0.8735340084934098,0.8735333080214547,True,True,True,0,3,0,3,0.06445064377682408,0.023233859379868698,0.025476190476190475,0.02592261904761905,A1
15,concept,0,0,,3.440000000409782e-07,6.054330506686595e-07,0.8735340084934098,0.8537867730734136,0.8537861676403629,True,True,True,0,3,0,3,0.042150684931506865,0.017630627663051835,0.02592261904761905,0.030833333333333334,A1
1,concept,1,1,,0.0047663760000205,0.008388725470879476,0.9350410005187699,0.928995636207022,0.9206069107361425,True,False,False,0,0,0,0,0.059896247240618095,0.029401420158371123,0.024166666666666666,0.017470238095238094,A2
2,concept,1,1,,0.00485913599993637,0.008551981196816685,0.928995636207022,0.9249680821223852,0.9164161009255686,True,False,False,0,0,0,0,0.10198456260720412,0.04333751357544122,0.017470238095238094,0.022410714285714287,A2
3,concept,1,1,,0.004651122000041141,0.008185880759248787,0.9249680821223852,0.9407804133774993,0.9325945326182505,True,False,False,0,0,0,0,0.07325760822974711,0.04087731311522473,0.022410714285714287,0.014553571428571428,A2
4,concept,1,1,,0.004905289000021185,0.008633209544594391,0.9407804133774993,0.6018082498774424,0.5931750403328481,True,False,True,0,0,0,1,0.0743542292829541,0.04338131992338812,0.014553571428571428,0.015416666666666667,A2
5,concept,1,1,,0.004867858000011438,0.008567331740749102,0.6018082498774424,0.5998251115122641,0.5912577797715151,True,True,True,0,1,0,1,0.1081186076493339,0.042449032621509675,0.015416666666666667,0.018571428571428572,A2
6,concept,1,1,,0.005000914999982342,0.008801509372713078,0.5998251115122641,0.6278688616939848,0.6190673523212717,True,True,True,0,1,0,1,0.05356416881998283,0.03547167631585826,0.018571428571428572,0.017886904761904764,A2
7,concept,1,1,,0.0048223860000007335,0.008487301939344431,0.6278688616939848,0.5747790613845369,0.5662917594451925,True,True,True,0,1,0,1,0.07738112522686025,0.06931428160100964,0.017886904761904764,0.01657738095238095,A2
8,concept,1,1,,0.004879823000010219,0.008588389899032966,0.5747790613845369,0.5030919526297546,0.4945035627307216,True,True,True,0,1,0,2,0.0838951890034364,0.035338884881950555,0.01657738095238095,0.02205357142857143,A2
9,concept,1,1,,0.004804244999945695,0.008455374145727588,0.5030919526297546,0.5271035281223977,0.5186481539766701,True,True,True,0,2,0,2,0.06505003411416865,0.07157862264045889,0.02205357142857143,0.024791666666666667,A2
10,concept,1,1,,0.00486573800003498,0.008563600583618254,0.5271035281223977,0.5268387753739316,0.5182751747903134,True,True,True,0,2,0,2,0.05603448275862069,0.05776518128008616,0.024791666666666667,0.02214285714285714,A2
11,concept,1,1,,0.004733364000003348,0.0083306250177496,0.5268387753739316,0.4859228090053834,0.4775921839876338,True,True,True,0,2,0,2,0.0961338155515371,0.07312241359947172,0.02214285714285714,0.012857142857142857,A2
12,concept,1,1,,0.004730957999981911,0.008326390506317291,0.4859228090053834,0.8510741066097101,0.8427477161033927,True,True,True,0,2,0,3,0.0656263855683547,0.0327831488898534,0.012857142857142857,0.01744047619047619,A2
13,concept,1,1,,0.004905506999989484,0.008633593220134617,0.8510741066097101,0.8521241616394091,0.8434905684192745,True,True,True,0,3,0,3,0.08257821953327571,0.04216258966952483,0.01744047619047619,0.02107142857142857,A2
14,concept,1,1,,0.004821792000029745,0.008486256511395333,0.8521241616394091,0.849292517936263,0.8408062614248677,True,True,True,0,3,0,3,0.0782778500216732,0.03741268552333986,0.02107142857142857,0.01550595238095238,A2
15,concept,1,1,,0.004870576000030269,0.008572115365873876,0.849292517936263,0.8310437925569567,0.8224716771910828,True,True,True,0,3,0,3,0.10431335616438353,0.05293869928767939,0.01550595238095238,0.020654761904761905,A2
1,concept,2,2,,0.023317855000072996,0.041038953738552174,0.9350410005187699,0.9188207747947201,0.877781821056168,True,False,False,0,0,0,0,0.059896247240618095,0.029401420158371123,0.024166666666666666,0.025833333333333333,A3
2,concept,2,2,,0.023184544999935497,0.04080433083140604,0.9188207747947201,0.9241506170554159,0.8833462862240099,True,False,False,0,0,0,0,0.044462886821034386,0.015944007450155125,0.025833333333333333,0.025327380952380952,A3
3,concept,2,2,,0.023856531999967956,0.041987014376146936,0.9241506170554159,0.9308341705112864,0.8888471561351394,True,False,False,0,0,0,0,0.05718308649924886,0.018531089920196617,0.025327380952380952,0.026339285714285714,A3
4,concept,2,2,,0.023161955999967176,0.04076457464779922,0.9308341705112864,0.6216240633097556,0.5808594886619564,True,False,True,0,0,0,1,0.054916058394160555,0.020283683945252352,0.026339285714285714,0.025773809523809525,A3
5,concept,2,2,,0.023795392000010906,0.04187940921135778,0.6216240633097556,0.9241431611024649,0.8822637518911071,True,True,True,0,1,0,1,0.057726688102893914,0.015742810433782756,0.025773809523809525,0.026904761904761904,A3
6,concept,2,2,,0.02386181500003204,0.041996312349533854,0.9241431611024649,0.9289485599446243,0.8869522475950905,True,True,True,0,1,0,1,0.07268103645952761,0.024433491917330057,0.026904761904761904,0.023779761904761904,A3
7,concept,2,2,,0.02424961400004122,0.04267883075532991,0.9289485599446243,0.9222113203565965,0.8795324896012666,True,True,True,0,1,0,1,0.06865198711063372,0.02019837249509853,0.023779761904761904,0.02324404761904762,A3
8,concept,2,2,,0.02629054300007283,0.046270824565039455,0.9222113203565965,0.8347598703960066,0.7884890458309671,True,True,True,0,1,0,2,0.05974543893539386,0.0314940971798637,0.02324404761904762,0.028511904761904763,A3
9,concept,2,2,,0.02369209599999067,0.04169761033808257,0.8347598703960066,0.9350076502033919,0.8933100398653093,True,True,True,0,2,0,2,0.07348128342245988,0.023105300472721798,0.028511904761904763,0.02705357142857143,A3
10,concept,2,2,,0.023884038999995028,0.04203542614050492,0.9350076502033919,0.9367922704104344,0.8947568442699295,True,True,True,0,2,0,2,0.07998157274480394,0.026947773341137522,0.02705357142857143,0.02869047619047619,A3
11,concept,2,2,,0.02424745200005418,0.04267502567902892,0.9367922704104344,0.9365164141449379,0.893841388465909,True,True,True,0,2,0,2,0.06963110307414111,0.027939572352067885,0.02869047619047619,0.02556547619047619,A3
12,concept,2,2,,0.023772946000008233,0.04183990470480165,0.9365164141449379,0.5863243391438152,0.5444844344390135,True,True,True,0,2,0,3,0.05888975356679638,0.015843721427232987,0.02556547619047619,0.02782738095238095,A3
13,concept,2,2,,0.02329449499995917,0.04099784061026482,0.5863243391438152,0.9389969168090572,0.8979990761987924,True,True,True,0,3,0,3,0.05820570440795164,0.02466577668595249,0.02782738095238095,0.025476190476190475,A3
14,concept,2,2,,0.0232787229999758,0.04097008220891616,0.9389969168090572,0.9374496348614592,0.896479552652543,True,True,True,0,3,0,3,0.06445064377682408,0.023233859379868698,0.025476190476190475,0.02592261904761905,A3
15,concept,2,2,,0.03359860700004447,0.05913286956927658,0.9374496348614592,0.9301503879238642,0.8710175183545876,True,True,True,0,3,0,3,0.042150684931506865,0.017630627663051835,0.02592261904761905,0.030833333333333334,A3
1,concept,3,3,,0.029613621000066814,0.05211937471302376,0.9350410005187699,0.9186518839788516,0.8665325092658278,True,False,False,0,0,0,0,0.059896247240618095,0.029401420158371123,0.024166666666666666,0.017470238095238094,A4
2,concept,3,3,,0.02900788800002374,0.05105329686981716,0.9186518839788516,0.9241972485976977,0.8731439517278805,True,False,False,0,0,0,0,0.10198456260720412,0.04333751357544122,0.017470238095238094,0.022410714285714287,A4
3,concept,3,3,,0.03317259499999636,0.05838309705538165,0.9241972485976977,0.9314061532401807,0.873023056184799,True,False,False,0,0,0,0,0.07325760822974711,0.04087731311522473,0.022410714285714287,0.014553571428571428,A4
4,concept,3,3,,0.034803225000018756,0.06125297291383453,0.9314061532401807,0.6233353175992716,0.562082344685437,True,False,True,0,0,0,1,0.0743542292829541,0.04338131992338812,0.014553571428571428,0.015416666666666667,A4
5,concept,3,3,,0.03381854700000986,0.05951995952604184,0.6233353175992716,0.9240924184172313,0.8645724588911895,True,True,True,0,1,0,1,0.1081186076493339,0.042449032621509675,0.015416666666666667,0.018571428571428572,A4
6,concept,3,3,,0.030795215000011922,0.054198956282655544,0.9240924184172313,0.92805602910742,0.8738570728247644,True,True,True,0,1,0,1,0.05356416881998283,0.03547167631585826,0.018571428571428572,0.017886904761904764,A4
7,concept,3,3,,0.03196138999999221,0.056251400723840085,0.92805602910742,0.921581473861898,0.865330073138058,True,True,True,0,1,0,1,0.07738112522686025,0.06931428160100964,0.017886904761904764,0.01657738095238095,A4
8,concept,3,3,,0.03398987399998532,0.0598214915848927,0.921581473861898,0.8355445543852635,0.7757230628003708,True,True,True,0,1,0,2,0.0838951890034364,0.035338884881950555,0.01657738095238095,0.02205357142857143,A4
9,concept,3,3,,0.03351334100000258,0.058982803131725645,0.8355445543852635,0.9372742356568237,0.878291432525098,True,True,True,0,2,0,2,0.06505003411416865,0.07157862264045889,0.02205357142857143,0.024791666666666667,A4
10,concept,3,3,,0.03288535700005468,0.057877563978195774,0.9372742356568237,0.9379736745459403,0.8800961105677445,True,True,True,0,2,0,2,0.05603448275862069,0.05776518128008616,0.024791666666666667,0.02214285714285714,A4
11,concept,3,3,,0.034776623999960066,0.0612061556911181,0.9379736745459403,0.9354538135013772,0.8742476578102591,True,True,True,0,2,0,2,0.0961338155515371,0.07312241359947172,0.02214285714285714,0.012857142857142857,A4
12,concept,3,3,,0.034416005999901245,0.06057147529613079,0.9354538135013772,0.5938425830232879,0.533271107727157,True,True,True,0,2,0,3,0.0656263855683547,0.0327831488898534,0.012857142857142857,0.01744047619047619,A4
13,concept,3,3,,0.03369477800004006,0.059302128586445915,0.5938425830232879,0.9392922318699073,0.8799901032834614,True,True,True,0,3,0,3,0.08257821953327571,0.04216258966952483,0.01744047619047619,0.02107142857142857,A4
14,concept,3,3,,0.03419517200006794,0.060182811917658376,0.9392922318699073,0.9378257177990748,0.8776429058814164,True,True,True,0,3,0,3,0.0782778500216732,0.03741268552333986,0.02107142857142857,0.01550595238095238,A4
15,concept,3,3,,0.03380833899996105,0.05950199365217544,0.9378257177990748,0.9299005186006483,0.8703985249484728,True,True,True,0,3,0,3,0.10431335616438353,0.05293869928767939,0.01550595238095238,0.020654761904761905,A4
1,concept,0,0,,5.010000450056395e-07,8.817499581301383e-07,0.9350410005187699,0.9296125018095444,0.9296116200595862,True,False,False,0,0,0,0,0.059896247240618095,0.029401420158371123,0.024166666666666666,0.025833333333333333,random
2,concept,3,3,,0.030062134999980117,0.052908750292101576,0.9296125018095444,0.9241972485976977,0.8712884983055961,True,False,False,0,0,0,0,0.044462886821034386,0.015944007450155125,0.025833333333333333,0.022410714285714287,random
3,concept,2,2,,0.024898321000023316,0.043820541970279014,0.9241972485976977,0.9313894452300764,0.8875689032597973,True,False,False,0,0,0,0,0.07325760822974711,0.04087731311522473,0.022410714285714287,0.021904761904761906,random
4,concept,1,1,,0.005056351999996878,0.00889907737281401,0.9313894452300764,0.5955168429161706,0.5866177655433565,True,False,True,0,0,0,1,0.09572445255474454,0.06098100567918673,0.021904761904761906,0.015416666666666667,random
5,concept,1,1,,0.0049210939999966286,0.008661026025262447,0.5955168429161706,0.6054360013095783,0.5967749752843159,True,True,True,0,1,0,1,0.1081186076493339,0.042449032621509675,0.015416666666666667,0.018571428571428572,random
6,concept,3,3,,0.03014039600009255,0.05304648807128997,0.6054360013095783,0.92805602910742,0.87500954103613,True,True,True,0,1,0,1,0.05356416881998283,0.03547167631585826,0.018571428571428572,0.017886904761904764,random
7,concept,0,0,,4.3599993659881875e-07,7.673510804503498e-07,0.92805602910742,0.9223952453798948,0.9223944780288144,True,True,True,0,1,0,1,0.07738112522686025,0.06931428160100964,0.017886904761904764,0.017261904761904763,random
8,concept,2,2,,0.023618603999921106,0.041568265902627466,0.9223952453798948,0.8350069005407728,0.7934386346381452,True,True,True,0,1,0,2,0.06860348681269557,0.046601000500494504,0.017261904761904763,0.02217261904761905,random
9,concept,0,0,,3.5699997624760726e-07,6.283127461700021e-07,0.8350069005407728,0.8567693013971778,0.8567686730844316,True,True,True,0,2,0,2,0.08931339549692974,0.07448099639213154,0.02217261904761905,0.019583333333333335,random
10,concept,0,0,,3.680000872918754e-07,6.476727193863741e-07,0.8567693013971778,0.858921496616809,0.8589208489440897,True,True,True,0,2,0,2,0.06521839080459768,0.028861948657440968,0.019583333333333335,0.022113095238095237,random
11,concept,2,2,,0.02360964199999671,0.041552492963808654,0.858921496616809,0.9346148264535233,0.8930623334897146,True,True,True,0,2,0,2,0.07761490145115879,0.03103588266628575,0.022113095238095237,0.01806547619047619,random
12,concept,3,3,,0.02808375800009344,0.04942684673898698,0.9346148264535233,0.5938425830232879,0.5444157362843008,True,True,True,0,2,0,3,0.06987246000864678,0.031887582464040255,0.01806547619047619,0.01744047619047619,random
13,concept,2,2,,0.023290274000032696,0.04099041173566583,0.5938425830232879,0.93927334332973,0.8982829315940641,True,True,True,0,3,0,3,0.08257821953327571,0.04216258966952483,0.01744047619047619,0.01586309523809524,random
14,concept,3,3,,0.02942055000005439,0.05177957365337479,0.93927334332973,0.9378257177990748,0.8860461441456999,True,True,True,0,3,0,3,0.10492804508019066,0.06434486885046481,0.01586309523809524,0.01550595238095238,random
15,concept,2,2,,0.02293775300006473,0.040369981897264824,0.9378257177990748,0.9302015450137148,0.88983156311645,True,True,True,0,3,0,3,0.10431335616438353,0.05293869928767939,0.01550595238095238,0.01767857142857143,random
1,concept,0,0,,4.1900000269379234e-07,7.374315402059903e-07,0.9350410005187699,0.9296125018095444,0.9296117643780042,True,False,False,0,0,0,0,0.059896247240618095,0.029401420158371123,0.024166666666666666,0.025833333333333333,heuristic
2,concept,0,0,,4.4400007936928887e-07,7.81431170109459e-07,0.9296125018095444,0.9320426523173404,0.9320418708861703,True,False,False,0,0,0,0,0.044462886821034386,0.015944007450155125,0.025833333333333333,0.025327380952380952,heuristic
3,concept,0,0,,4.5700005557591794e-07,8.043108656108016e-07,0.9320426523173404,0.9454650550191217,0.9454642507082561,True,False,False,0,0,0,0,0.05718308649924886,0.018531089920196617,0.025327380952380952,0.026339285714285714,heuristic
4,concept,0,0,,7.050000476738205e-07,1.2407858416682163e-06,0.9454650550191217,0.6321867777855592,0.6321855369997176,True,False,True,0,0,0,1,0.054916058394160555,0.020283683945252352,0.026339285714285714,0.025773809523809525,heuristic
5,concept,2,2,,0.023763035000001764,0.04182246154500985,0.6321867777855592,0.9241431611024649,0.8823206995574551,True,True,True,0,1,0,1,0.057726688102893914,0.015742810433782756,0.025773809523809525,0.026904761904761904,heuristic
6,concept,0,0,,4.559999524644809e-07,8.025507043385097e-07,0.9241431611024649,0.9219301340239798,0.9219293314732755,True,True,True,0,1,0,1,0.07268103645952761,0.024433491917330057,0.026904761904761904,0.023779761904761904,heuristic
7,concept,0,0,,3.9200006085593486e-07,6.899121880175509e-07,0.9219301340239798,0.9179346239735542,0.9179339340613661,True,True,True,0,1,0,1,0.06865198711063372,0.02019837249509853,0.023779761904761904,0.02324404761904762,heuristic
8,concept,0,0,,3.5400000797380926e-07,6.230328626127395e-07,0.9179346239735542,0.8343923377415987,0.8343917147087361,True,True,True,0,1,0,2,0.05974543893539386,0.0314940971798637,0.02324404761904762,0.028511904761904763,heuristic
9,concept,2,2,,0.023864430999992692,0.04200091645661681,0.8343923377415987,0.9350076502033919,0.8930067337467751,True,True,True,0,2,0,2,0.07348128342245988,0.023105300472721798,0.028511904761904763,0.02705357142857143,heuristic
10,concept,0,0,,3.8600001062150113e-07,6.793522208164878e-07,0.9350076502033919,0.9369998942752849,0.936999214923064,True,True,True,0,2,0,2,0.07998157274480394,0.026947773341137522,0.02705357142857143,0.02869047619047619,heuristic
11,concept,0,0,,4.450000687938882e-07,7.831911312952132e-07,0.9369998942752849,0.9348478590306404,0.9348470758395091,True,True,True,0,2,0,2,0.06963110307414111,0.027939572352067885,0.02869047619047619,0.02556547619047619,heuristic
12,concept,0,0,,3.4799995773937553e-07,6.124728954116764e-07,0.9348478590306404,0.5948602785815993,0.5948596661087039,True,True,True,0,2,0,3,0.05888975356679638,0.015843721427232987,0.02556547619047619,0.02782738095238095,heuristic
13,concept,2,2,,0.023597139999992578,0.041530489696363714,0.5948602785815993,0.9389969168090572,0.8974664271126934,True,True,True,0,3,0,3,0.05820570440795164,0.02466577668595249,0.02782738095238095,0.025476190476190475,heuristic
14,concept,0,0,,3.7200004499027273e-07,6.54712564129391e-07,0.9389969168090572,0.9405318419210832,0.940531187208519,True,True,True,0,3,0,3,0.06445064377682408,0.023233859379868698,0.025476190476190475,0.02592261904761905,heuristic
15,concept,0,0,,3.850000211969018e-07,6.775922596307336e-07,0.9405318419210832,0.9380317118275887,0.9380310342353291,True,True,True,0,3,0,3,0.042150684931506865,0.017630627663051835,0.02592261904761905,0.030833333333333334,heuristic
1,combined,0,0,,3.360000846441835e-07,5.913533611826257e-07,0.9350410005187699,0.9296125018095444,0.9296119104561832,True,False,False,0,0,0,0,0.059896247240618095,0.029401420158371123,0.024166666666666666,0.025833333333333333,dqn
2,combined,0,0,,3.3200001325894846e-07,5.843133163530712e-07,0.9296125018095444,0.9320426523173404,0.932042068004024,True,False,False,0,0,0,0,0.044462886821034386,0.015944007450155125,0.025833333333333333,0.025327380952380952,dqn
3,combined,0,0,,3.8199993923626607e-07,6.723121759869332e-07,0.9320426523173404,0.9454650550191217,0.9454643827069457,True,False,False,0,0,0,0,0.05718308649924886,0.018531089920196617,0.025327380952380952,0.026339285714285714,dqn
4,combined,0,0,,4.290000106266234e-07,7.550313521500702e-07,0.9454650550191217,0.5783546863040835,0.5783539312727314,True,False,True,0,0,1,0,0.054916058394160555,0.020283683945252352,0.026339285714285714,0.8230654761904762,dqn
5,combined,1,1,,0.004959050999900683,0.008727829578295598,0.5783546863040835,0.9323494118925846,0.923621582314289,True,True,True,1,0,1,0,0.97,20.609009000901487,0.8230654761904762,0.023392857142857142,dqn
6,combined,0,0,,3.1599995509168366e-07,5.561535372079281e-07,0.9323494118925846,0.6140288243450021,0.6140282681914648,True,True,True,1,0,1,1,0.05356416881998283,0.03547167631585826,0.023392857142857142,0.02119047619047619,dqn
7,combined,2,2,,0.023354225999923983,0.04110296596353191,0.6140288243450021,0.9217566070580788,0.8806536410945469,True,True,True,1,1,1,1,0.06306125080593172,0.05785762735431352,0.02119047619047619,0.021547619047619048,dqn
8,combined,0,0,,3.440000000409782e-07,6.054330506686595e-07,0.9217566070580788,0.7843671957671957,0.784366590334145,True,True,True,1,1,2,1,0.072288259283108,0.04126632474541632,0.021547619047619048,0.5189285714285714,dqn
9,combined,2,2,,0.022064817000000403,0.03883363217199015,0.7843671957671957,0.873666707791698,0.8348330756197078,True,True,True,2,1,2,1,0.9410000000000001,21.373813906951412,0.5189285714285714,0.5135119047619048,dqn
10,combined,0,0,,5.999999075356754e-07,1.055987716212108e-06,0.873666707791698,0.8847750150240384,0.8847739590363223,True,True,True,2,1,2,2,0.9410000000000001,21.37262539569189,0.5135119047619048,0.525327380952381,dqn
11,combined,3,3,,0.029039266000040698,0.051108521515956365,0.8847750150240384,0.9354538135013772,0.8843452919854209,True,True,True,2,2,2,2,0.9410000000000001,21.371236862357065,0.525327380952381,0.012440476190476191,dqn
12,combined,1,1,,0.004774495999981809,0.008403016506773135,0.9354538135013772,0.6892545369118399,0.6808515204050668,True,True,True,2,2,3,2,0.0656263855683547,0.0327831488898534,0.012440476190476191,0.5291964285714286,dqn
13,combined,1,1,,0.005127366000010625,0.009024060578230828,0.6892545369118399,0.9181531993200829,0.9091291387418521,True,True,True,3,2,3,2,0.906,20.94765581481275,0.5291964285714286,0.02107142857142857,dqn
14,combined,0,0,,3.4499998946557753e-07,6.071930118544137e-07,0.9181531993200829,0.568497982606077,0.5684973754130651,True,True,True,3,2,3,3,0.0782778500216732,0.03741268552333986,0.02107142857142857,0.024523809523809524,dqn
15,combined,2,2,,0.021921867000060047,0.03858204305993589,0.568497982606077,0.9318410079408331,0.8932589648808973,True,True,True,3,3,3,3,0.0791729452054794,0.046400077303078706,0.024523809523809524,0.028898809523809525,dqn
1,combined,0,0,,4.1099997361015994e-07,7.233516506334187e-07,0.9350410005187699,0.9296125018095444,0.9296117784578937,True,False,False,0,0,0,0,0.059896247240618095,0.029401420158371123,0.024166666666666666,0.025833333333333333,A1
2,combined,0,0,,3.359999709573458e-07,5.91353161096088e-07,0.9296125018095444,0.9320426523173404,0.9320420609641793,True,False,False,0,0,0,0,0.044462886821034386,0.015944007450155125,0.025833333333333333,0.025327380952380952,A1
3,combined,0,0,,4.2199997096759034e-07,7.42711423763253e-07,0.9320426523173404,0.9454650550191217,0.9454643123076979,True,False,False,0,0,0,0,0.05718308649924886,0.018531089920196617,0.025327380952380952,0.026339285714285714,A1
4,combined,0,0,,3.8099994981166674e-07,6.70552214801179e-07,0.9454650550191217,0.5783546863040835,0.5783540157518687,True,False,True,0,0,1,0,0.054916058394160555,0.020283683945252352,0.026339285714285714,0.8230654761904762,A1
5,combined,0,0,,3.420000211917795e-07,6.019131282971511e-07,0.5783546863040835,0.5719323161592236,0.5719317142460952,True,True,True,1,0,1,0,0.97,20.609009000901487,0.8230654761904762,0.8176190476190476,A1
6,combined,0,0,,4.590000344251166e-07,8.0783078798231e-07,0.5719323161592236,0.5589749873074018,0.5589741794766139,True,True,True,1,0,1,1,0.97,20.605325288594713,0.8176190476190476,0.8280357142857143,A1
7,combined,0,0,,3.5100003970001126e-07,6.177529790554769e-07,0.5589749873074018,0.5624560848235481,0.562455467070569,True,True,True,1,1,1,1,0.97,20.607072079929193,0.8280357142857143,0.8319642857142857,A1
8,combined,0,0,,4.20999981542991e-07,7.409514625774987e-07,0.5624560848235481,0.5223199294532629,0.5223191885018003,True,True,True,1,1,2,1,0.97,20.607653592964077,0.8319642857142857,0.9618154761904761,A1
9,combined,0,0,,3.939999260182958e-07,6.934319103025216e-07,0.5223199294532629,0.5430947100124497,0.5430940165805394,True,True,True,2,1,2,1,1.0,20.609009000901487,0.9618154761904761,0.9589880952380953,A1
10,combined,0,0,,3.7200004499027273e-07,6.54712564129391e-07,0.5430947100124497,0.5324842664930556,0.5324836117804914,True,True,True,2,1,2,2,0.9993569131832798,20.607847347381743,0.9589880952380953,0.9586011904761905,A1
11,combined,0,0,,4.1100008729699766e-07,7.233518507199565e-07,0.5324842664930556,0.5168348594408892,0.5168341360890385,True,True,True,2,2,2,2,0.9991392296105014,20.606490191845552,0.9586011904761905,0.9577380952380953,A1
12,combined,0,0,,7.239999604280456e-07,1.2742253042840844e-06,0.5168348594408892,0.5450211081849622,0.5450198339596579,True,True,True,2,2,3,2,0.9995676610462603,20.607459796928023,0.9577380952380953,0.957827380952381,A1
13,combined,0,0,,3.2399998417531606e-07,5.702334267804997e-07,0.5450211081849622,0.5297327489902895,0.5297321787568627,True,True,True,3,2,3,2,1.0,20.609589267258073,0.957827380952381,0.9613690476190476,A1
14,combined,0,0,,3.520000291246106e-07,6.195129402412311e-07,0.5297327489902895,0.5260811251676514,0.5260805056547111,True,True,True,3,2,3,3,1.0,20.60726595925569,0.9613690476190476,0.9627083333333334,A1
15,combined,0,0,,3.65999994755839e-07,6.441525969283279e-07,0.5260811251676514,0.5399338507507564,0.5399332065981595,True,True,True,3,3,3,3,1.0,20.61074868156496,0.9627083333333334,0.9607738095238095,A1
1,combined,1,1,,0.0051224710000497,0.009015445477187186,0.9350410005187699,0.928995636207022,0.9199801907298348,True,False,False,0,0,0,0,0.059896247240618095,0.029401420158371123,0.024166666666666666,0.017470238095238094,A2
2,combined,1,1,,0.0049997070000245,0.008799383317190995,0.928995636207022,0.9249680821223852,0.9161686988051942,True,False,False,0,0,0,0,0.10198456260720412,0.04333751357544122,0.017470238095238094,0.022410714285714287,A2
3,combined,1,1,,0.004844135999974242,0.008525581499909651,0.9249680821223852,0.9407804133774993,0.9322548318775896,True,False,False,0,0,0,0,0.07325760822974711,0.04087731311522473,0.022410714285714287,0.014553571428571428,A2
4,combined,1,1,,0.005207964999954129,0.009165913189890207,0.9407804133774993,0.6258761846607535,0.6167102714708632,True,False,True,0,0,1,0,0.0743542292829541,0.04338131992338812,0.014553571428571428,0.7571428571428571,A2
5,combined,1,1,,0.004823725000051127,0.008489658552382973,0.6258761846607535,0.9323494118925846,0.9238597533402017,True,True,True,1,0,1,0,0.973,21.30986069785364,0.7571428571428571,0.023392857142857142,A2
6,combined,1,1,,0.0052282780000041384,0.00920166365961999,0.9323494118925846,0.6277949242281808,0.6185932605685609,True,True,True,1,0,1,1,0.05356416881998283,0.03547167631585826,0.023392857142857142,0.022202380952380953,A2
7,combined,1,1,,0.005168902999912461,0.009097164858937797,0.6277949242281808,0.5747790613845369,0.5656818965255992,True,True,True,1,1,1,1,0.07738112522686025,0.06931428160100964,0.022202380952380953,0.01693452380952381,A2
8,combined,1,1,,0.005077496000012616,0.008936290385695817,0.5747790613845369,0.6238596119929454,0.6149233216072496,True,True,True,1,1,2,1,0.0838951890034364,0.035338884881950555,0.01693452380952381,0.5725297619047619,A2
9,combined,1,1,,0.004977364999945166,0.008760061848398962,0.6238596119929454,0.6735295230991823,0.6647694612507834,True,True,True,2,1,2,1,0.923,21.25584926157057,0.5725297619047619,0.02675595238095238,A2
10,combined,1,1,,0.005184846000020116,0.009125224217050698,0.6735295230991823,0.5309189147079771,0.5217936904909264,True,True,True,2,1,2,2,0.05603448275862069,0.05776518128008616,0.02675595238095238,0.025744047619047618,A2
11,combined,1,1,,0.004862866000053145,0.008558545921669663,0.5309189147079771,0.492174221852595,0.48361567593092536,True,True,True,2,2,2,2,0.0961338155515371,0.07312241359947172,0.025744047619047618,0.012440476190476191,A2
12,combined,1,1,,0.005454622999991443,0.00960002628703158,0.492174221852595,0.5970937996063352,0.5874937733193036,True,True,True,2,2,3,2,0.0656263855683547,0.0327831488898534,0.012440476190476191,0.5291964285714286,A2
13,combined,1,1,,0.004945804000044518,0.008704515126161386,0.5970937996063352,0.507729760205568,0.49902524507940665,True,True,True,3,2,3,2,0.906,20.94765581481275,0.5291964285714286,0.02107142857142857,A2
14,combined,1,1,,0.00485302499998852,0.008541225960361387,0.507729760205568,0.8493622274705757,0.8408210015102142,True,True,True,3,2,3,3,0.0782778500216732,0.03741268552333986,0.02107142857142857,0.01556547619047619,A2
15,combined,1,1,,0.005012550000060401,0.00882198673780305,0.8493622274705757,0.8312954019172424,0.8224734151794393,True,True,True,3,3,3,3,0.10431335616438353,0.05293869928767939,0.01556547619047619,0.020714285714285713,A2
1,combined,2,2,,0.02431820799995421,0.04279955480945765,0.9350410005187699,0.9188207747947201,0.8760212199852625,True,False,False,0,0,0,0,0.059896247240618095,0.029401420158371123,0.024166666666666666,0.025833333333333333,A3
2,combined,2,2,,0.023937359999990804,0.04212927002331976,0.9188207747947201,0.9241506170554159,0.8820213470320961,True,False,False,0,0,0,0,0.044462886821034386,0.015944007450155125,0.025833333333333333,0.025327380952380952,A3
3,combined,2,2,,0.026206396000020504,0.04612272754486438,0.9241506170554159,0.9308341705112864,0.884711442966422,True,False,False,0,0,0,0,0.05718308649924886,0.018531089920196617,0.025327380952380952,0.026339285714285714,A3
4,combined,2,2,,0.024365149999994173,0.04288217178121723,0.9308341705112864,0.6108748199090541,0.5679926481278369,True,False,True,0,0,1,0,0.054916058394160555,0.020283683945252352,0.026339285714285714,0.8230654761904762,A3
5,combined,2,2,,0.019503641000028438,0.03432601415228763,0.6108748199090541,0.7479630058696323,0.7136369917173446,True,True,True,1,0,1,0,0.97,20.609009000901487,0.8230654761904762,0.8176190476190476,A3
6,combined,2,2,,0.019140231999926982,0.033686421653608384,0.7479630058696323,0.5076683714533782,0.4739819497997698,True,True,True,1,0,1,1,0.97,20.605325288594713,0.8176190476190476,0.8280357142857143,A3
7,combined,2,2,,0.020111273999987134,0.0353954359569624,0.5076683714533782,0.7145965430535773,0.679201107096615,True,True,True,1,1,1,1,0.97,20.607072079929193,0.8280357142857143,0.8319642857142857,A3
8,combined,2,2,,0.019849136000061662,0.03493407837274102,0.7145965430535773,0.5125393298059965,0.47760525143325544,True,True,True,1,1,2,1,0.97,20.607653592964077,0.8319642857142857,0.9618154761904761,A3
9,combined,2,2,,0.018188700999985485,0.032011746316306766,0.5125393298059965,0.5008099995513633,0.46879825323505653,True,True,True,2,1,2,1,1.0,20.609009000901487,0.9618154761904761,0.9589880952380953,A3
10,combined,2,2,,0.01791028999991795,0.03152174858057851,0.5008099995513633,0.5213796936209045,0.48985794504032604,True,True,True,2,1,2,2,0.9993569131832798,20.607847347381743,0.9589880952380953,0.9586011904761905,A3
11,combined,2,2,,0.018756998999947427,0.03301193931562325,0.5213796936209045,0.5199591704598416,0.4869472311442184,True,True,True,2,2,2,2,0.9991392296105014,20.606490191845552,0.9586011904761905,0.9577380952380953,A3
12,combined,2,2,,0.017606077999971603,0.030986341606289,0.5199591704598416,0.5529966340339986,0.5220102924277096,True,True,True,2,2,3,2,0.9995676610462603,20.607459796928023,0.9577380952380953,0.957827380952381,A3
13,combined,2,2,,0.017128864000028443,0.030146454606948987,0.5529966340339986,0.5156645714433428,0.4855181168363938,True,True,True,3,2,3,2,1.0,20.609589267258073,0.957827380952381,0.9613690476190476,A3
14,combined,2,2,,0.017129716999988887,0.03014795586964727,0.5156645714433428,0.5305205768603384,0.5003726209906911,True,True,True,3,2,3,3,1.0,20.60726595925569,0.9613690476190476,0.9627083333333334,A3
15,combined,2,2,,0.017391578000001573,0.030608825939618032,0.5305205768603384,0.5156001283451342,0.4849913024055162,True,True,True,3,3,3,3,1.0,20.61074868156496,0.9627083333333334,0.9607738095238095,A3
1,combined,3,3,,0.028826308000020617,0.0507337197380462,0.9350410005187699,0.9186518839788516,0.8679181642408054,True,False,False,0,0,0,0,0.059896247240618095,0.029401420158371123,0.024166666666666666,0.017470238095238094,A4
2,combined,3,3,,0.029488095000033354,0.05189845148881028,0.9186518839788516,0.9241972485976977,0.8722987971088874,True,False,False,0,0,0,0,0.10198456260720412,0.04333751357544122,0.017470238095238094,0.022410714285714287,A4
3,combined,3,3,,0.029370182999969074,0.051690928750726395,0.9241972485976977,0.9314061532401807,0.8797152244894544,True,False,False,0,0,0,0,0.07325760822974711,0.04087731311522473,0.022410714285714287,0.014553571428571428,A4
4,combined,3,3,,0.02882191999992756,0.05072599694652772,0.9314061532401807,0.6356169240466436,0.5848909271001159,True,False,True,0,0,1,0,0.0743542292829541,0.04338131992338812,0.014553571428571428,0.7571428571428571,A4
5,combined,3,3,,0.030066403000091668,0.052916261886076815,0.6356169240466436,0.9285249974255998,0.875608735539523,True,True,True,1,0,1,0,0.973,21.30986069785364,0.7571428571428571,0.023392857142857142,A4
6,combined,3,3,,0.028750464000040665,0.05060023583026333,0.9285249974255998,0.6152913945943967,0.5646911587641334,True,True,True,1,0,1,1,0.05356416881998283,0.03547167631585826,0.023392857142857142,0.022202380952380953,A4
7,combined,3,3,,0.028339945999960037,0.04987773244330518,0.6152913945943967,0.9209889047141777,0.8711111722708725,True,True,True,1,1,1,1,0.07738112522686025,0.06931428160100964,0.022202380952380953,0.01693452380952381,A4
8,combined,3,3,,0.028503738999916095,0.05016600481432191,0.9209889047141777,0.7419410934744266,0.6917750886601047,True,True,True,1,1,2,1,0.0838951890034364,0.035338884881950555,0.01693452380952381,0.5725297619047619,A4
9,combined,3,3,,0.028756111999996392,0.050610176196085904,0.7419410934744266,0.9368964434325193,0.8862862672364334,True,True,True,2,1,2,1,0.923,21.25584926157057,0.5725297619047619,0.02675595238095238,A4
10,combined,3,3,,0.030079426000042986,0.05293918210290369,0.9368964434325193,0.8305928374287749,0.7776536553258712,True,True,True,2,1,2,2,0.05603448275862069,0.05776518128008616,0.02675595238095238,0.025744047619047618,A4
11,combined,3,3,,0.029282233999992968,0.05153614028749253,0.8305928374287749,0.9354538135013772,0.8839176732138847,True,True,True,2,2,2,2,0.0961338155515371,0.07312241359947172,0.025744047619047618,0.012440476190476191,A4
12,combined,3,3,,0.028530754000030356,0.050213550668772616,0.9354538135013772,0.7666927615975979,0.7164792109288253,True,True,True,2,2,3,2,0.0656263855683547,0.0327831488898534,0.012440476190476191,0.5291964285714286,A4
13,combined,3,3,,0.028482280000048377,0.050128237408064165,0.7666927615975979,0.9239424851067277,0.8738142476986636,True,True,True,3,2,3,2,0.906,20.94765581481275,0.5291964285714286,0.02107142857142857,A4
14,combined,3,3,,0.028607186999920486,0.05034807120449856,0.9239424851067277,0.5400582353449646,0.489710164140466,True,True,True,3,2,3,3,0.0782778500216732,0.03741268552333986,0.02107142857142857,0.01556547619047619,A4
15,combined,3,3,,0.028087722000009308,0.04943382329875916,0.5400582353449646,0.9299005186006483,0.8804666953018891,True,True,True,3,3,3,3,0.10431335616438353,0.05293869928767939,0.01556547619047619,0.020714285714285713,A4
1,combined,0,0,,4.0099996567732887e-07,7.057518386893389e-07,0.9350410005187699,0.9296125018095444,0.9296117960577057,True,False,False,0,0,0,0,0.059896247240618095,0.029401420158371123,0.024166666666666666,0.025833333333333333,random
2,combined,3,3,,0.02970580900000641,0.052281623730558134,0.9296125018095444,0.9241972485976977,0.8719156248671396,True,False,False,0,0,0,0,0.044462886821034386,0.015944007450155125,0.025833333333333333,0.022410714285714287,random
3,combined,2,2,,0.023877880999975787,0.042024588184873465,0.9241972485976977,0.9313894452300764,0.889364857045203,True,False,False,0,0,0,0,0.07325760822974711,0.04087731311522473,0.022410714285714287,0.021904761904761906,random
4,combined,1,1,,0.004984730999922249,0.008773025859552506,0.9313894452300764,0.6052621026743505,0.596489076814798,True,False,True,0,0,1,0,0.09572445255474454,0.06098100567918673,0.021904761904761906,0.7571428571428571,random
5,combined,1,1,,0.004893792999951074,0.008612976816710367,0.6052621026743505,0.9196504679687411,0.9110374911520307,True,True,True,1,0,1,0,0.973,21.30986069785364,0.7571428571428571,0.023392857142857142,random
6,combined,3,3,,0.03417452999997295,0.06014648241449579,0.9196504679687411,0.6152913945943967,0.5551449121799009,True,True,True,1,0,1,1,0.05356416881998283,0.03547167631585826,0.023392857142857142,0.022202380952380953,random
7,combined,0,0,,4.1600003441999434e-07,7.321516566487275e-07,0.6152913945943967,0.5864641029698792,0.5864633708182225,True,True,True,1,1,1,1,0.07738112522686025,0.06931428160100964,0.022202380952380953,0.022589285714285715,random
8,combined,2,2,,0.024027873000022737,0.04228857107485457,0.5864641029698792,0.7408536155202822,0.6985650444454276,True,True,True,1,1,2,1,0.06860348681269557,0.046601000500494504,0.022589285714285715,0.5346726190476191,random
9,combined,0,0,,4.339999577496201e-07,7.638311580788413e-07,0.7408536155202822,0.7672868835451272,0.7672861197139691,True,True,True,2,1,2,1,0.8939956933677864,19.06198118664943,0.5346726190476191,0.5298809523809523,random
10,combined,0,0,,3.8100006349850446e-07,6.705524148877166e-07,0.7672868835451272,0.7467121004718661,0.7467114299194512,True,True,True,2,1,2,2,0.9054725938713853,19.047725442631254,0.5298809523809523,0.539375,random
11,combined,2,2,,0.021537517000069784,0.03790559482449728,0.7467121004718661,0.8716126552038826,0.8337070603793854,True,True,True,2,2,2,2,0.9093270521983972,19.033467988054824,0.539375,0.5317857142857143,random
12,combined,3,3,,0.02900314900000467,0.05104495632551971,0.8716126552038826,0.7666927615975979,0.7156478052720782,True,True,True,2,2,3,2,0.9073983916539882,19.055908573979472,0.5317857142857143,0.5291964285714286,random
13,combined,2,2,,0.022332321000021693,0.03930443380797755,0.7666927615975979,0.8901597162401117,0.8508552824321342,True,True,True,3,2,3,2,0.906,20.94765581481275,0.5291964285714286,0.5286309523809524,random
14,combined,3,3,,0.028426068000044324,0.050029305423638044,0.8901597162401117,0.5400582353449646,0.4900289299213265,True,True,True,3,2,3,3,0.906,20.945309259392864,0.5286309523809524,0.01556547619047619,random
15,combined,2,2,,0.023368080000068403,0.04112734872391099,0.5400582353449646,0.9302071131323382,0.8890797644084272,True,True,True,3,3,3,3,0.10431335616438353,0.05293869928767939,0.01556547619047619,0.01794642857142857,random
1,combined,0,0,,4.899999339613714e-07,8.623899849137663e-07,0.9350410005187699,0.9296125018095444,0.9296116394195595,True,False,False,0,0,0,0,0.059896247240618095,0.029401420158371123,0.024166666666666666,0.025833333333333333,heuristic
2,combined,0,0,,4.18000013269193e-07,7.356715790202361e-07,0.9296125018095444,0.9320426523173404,0.9320419166457614,True,False,False,0,0,0,0,0.044462886821034386,0.015944007450155125,0.025833333333333333,0.025327380952380952,heuristic
3,combined,0,0,,2.929999709522235e-07,5.156740297625055e-07,0.9320426523173404,0.9454650550191217,0.9454645393450919,True,False,False,0,0,0,0,0.05718308649924886,0.018531089920196617,0.025327380952380952,0.026339285714285714,heuristic
4,combined,0,0,,4.930000159220072e-07,8.676700685575668e-07,0.9454650550191217,0.5783546863040835,0.5783538186340149,True,False,True,0,0,1,0,0.054916058394160555,0.020283683945252352,0.026339285714285714,0.8230654761904762,heuristic
5,combined,3,3,,0.02923756699999558,0.05145752726984888,0.5783546863040835,0.9285249974255998,0.8770674701557509,True,True,True,1,0,1,0,0.97,20.609009000901487,0.8230654761904762,0.023392857142857142,heuristic
6,combined,0,0,,4.889999445367721e-07,8.606300237280121e-07,0.9285249974255998,0.6166965585278417,0.616695697897818,True,True,True,1,0,1,1,0.05356416881998283,0.03547167631585826,0.023392857142857142,0.02119047619047619,heuristic
7,combined,2,2,,0.02334606600004463,0.04108860452859056,0.6166965585278417,0.9217566070580788,0.8806680025294883,True,True,True,1,1,1,1,0.06306125080593172,0.05785762735431352,0.02119047619047619,0.021547619047619048,heuristic
8,combined,0,0,,3.530000185492099e-07,6.212729014269853e-07,0.9217566070580788,0.7843671957671957,0.7843665744942943,True,True,True,1,1,2,1,0.072288259283108,0.04126632474541632,0.021547619047619048,0.5189285714285714,heuristic
9,combined,3,3,,0.028533372999959283,0.05021816005573913,0.7843671957671957,0.9368964434325193,0.8866782833767802,True,True,True,2,1,2,1,0.9410000000000001,21.373813906951412,0.5189285714285714,0.02675595238095238,heuristic
10,combined,0,0,,3.770001058001071e-07,6.635125701446999e-07,0.9368964434325193,0.8429608902021012,0.8429602266895311,True,True,True,2,1,2,2,0.05603448275862069,0.05776518128008616,0.02675595238095238,0.028958333333333332,heuristic
11,combined,2,2,,0.023430280999946262,0.041236821227126706,0.8429608902021012,0.9337060691729996,0.8924692479458729,True,True,True,2,2,2,2,0.09808860759493665,0.08771758728041325,0.028958333333333332,0.023303571428571427,heuristic
12,combined,0,0,,4.560000661513186e-07,8.025509044250474e-07,0.9337060691729996,0.7535811091372637,0.7535803065863593,True,True,True,2,2,3,2,0.07474329255204981,0.07806961029327418,0.023303571428571427,0.5873809523809523,heuristic
13,combined,3,3,,0.030283288999953584,0.05329797686435611,0.7535811091372637,0.9239424851067277,0.8706445082423716,True,True,True,3,2,3,2,0.92,21.02139342004469,0.5873809523809523,0.02107142857142857,heuristic
14,combined,0,0,,4.5499996303988155e-07,8.007907431527554e-07,0.9239424851067277,0.5611397927117288,0.5611389919209856,True,True,True,3,2,3,3,0.0782778500216732,0.03741268552333986,0.02107142857142857,0.024523809523809524,heuristic
15,combined,2,2,,0.02399873900003513,0.04223729582343429,0.5611397927117288,0.9318410079408331,0.8896037121173989,True,True,True,3,3,3,3,0.0791729452054794,0.046400077303078706,0.024523809523809524,0.028898809523809525,heuristic
