scenario,policy,mean_auc,return,mean_reward,seconds,cost,n_valid,count_A1,count_A2,count_A3,count_A4
stable,dqn,0.9400702145721371,14.106071297243151,0.9404047531495434,6.327000050987408e-06,1.1135392273237684e-05,15,15,0,0,0
stable,A1,0.9400702145721371,14.106072662987236,0.940404844199149,5.551000185732846e-06,9.769648186948227e-06,15,15,0,0,0
stable,A2,0.9358108370895832,13.90596669470973,0.927064446313982,0.07498137100003532,0.13196569820483206,15,0,15,0,0
stable,A3,0.9322180899060669,13.337468235322989,0.8891645490215326,0.3653338540000277,0.6429802026553119,15,0,0,15,0
stable,A4,0.9327162322651689,13.209060038635096,0.8806040025756731,0.44282251300023745,0.7793586770888349,15,0,0,0,15
stable,random,0.9318592781278758,13.527364693426668,0.9018243128951112,0.25417493800011925,0.4473427561005765,15,4,2,5,4
stable,heuristic,0.9400702145721371,14.106073043143457,0.9404048695428971,5.334999855222122e-06,9.389491968834948e-06,15,15,0,0,0
covariate,dqn,0.8762872780094177,13.050251947739632,0.8700167965159754,0.020059037000009994,0.03530349989228166,15,11,4,0,0
covariate,A1,0.6392964711794988,9.293693402297656,0.6195795601531771,5.191000241211441e-06,9.136055557220964e-06,15,15,0,0,0
covariate,A2,0.8789329847244028,13.000825344413691,0.8667216896275795,0.07219481199990696,0.1270614106579863,15,0,15,0,0
covariate,A3,0.6699838233707255,9.259318103799279,0.6172878735866186,0.2985159659998544,0.5253820696135596,15,0,0,15,0
covariate,A4,0.8799565991233422,12.381716526127526,0.8254477684085018,0.4332709159998558,0.7625480593271784,15,0,0,0,15
covariate,random,0.8444512656713357,12.150226825714926,0.8100151217143284,0.24202120100028424,0.4259524245076749,15,4,2,5,4
covariate,heuristic,0.879552393507864,12.984037521163978,0.8656025014109319,0.08736451099969145,0.15375977444307573,15,12,0,0,3
concept,dqn,0.884476523369211,13.018170408772104,0.8678780272514736,0.11273593300006723,0.19841296461650493,15,8,3,4,0
concept,A1,0.7318578920141261,10.774675496779976,0.7183116997853317,5.553999699259293e-06,9.77492727015934e-06,15,15,0,0,0
concept,A2,0.722534878785482,10.497944774774746,0.6998629849849831,0.07248508500003936,0.12757228527419548,15,0,15,0,0
concept,A3,0.8838606969679126,12.559961141241788,0.8373307427494525,0.36748661000012817,0.6467690097260409,15,0,0,15,0
concept,A4,0.8845918034189778,12.348202372261936,0.823213491484129,0.4944519720000926,0.8702254819229374,15,0,0,0,15
concept,random,0.8536312518152026,12.290032646814492,0.8193355097876328,0.2460405410002977,0.43302638170997965,15,4,2,5,4
concept,heuristic,0.8870015248087861,13.131620441947575,0.875441362796505,0.07122976900029698,0.12536295447423423,15,12,0,3,0
combined,dqn,0.8359162623829792,12.24383170045666,0.8162554466971107,0.11124417299981815,0.1957874971522355,15,8,3,3,1
combined,A1,0.6418363676720218,9.334330206196178,0.6222886804130785,6.065999968996039e-06,1.0676037401592388e-05,15,15,0,0,0
combined,A2,0.7247842609527596,10.528164487686093,0.7018776325124062,0.07576376000008622,0.13334268703929134,15,0,15,0,0
combined,A3,0.6537137129554222,8.993667720238513,0.5995778480159009,0.3015436239998053,0.5307106865294702,15,0,0,15,0
combined,A4,0.8384497934752096,11.716337182019927,0.7810891454679951,0.43399277299999994,0.7638185130646544,15,0,0,0,15
combined,random,0.7937807090887267,11.331908565427199,0.75546057102848,0.24633338400008142,0.4335417794736567,15,4,2,5,4
combined,heuristic,0.8409955657782343,12.24134493600108,0.8160896624000721,0.15883313899996665,0.27954311593190084,15,9,0,3,3
