day,cov_stage,concept_stage,scenario
1,0,0,stable
2,0,0,stable
3,0,0,stable
4,0,0,stable
5,0,0,stable
6,0,0,stable
7,0,0,stable
8,0,0,stable
9,0,0,stable
10,0,0,stable
11,0,0,stable
12,0,0,stable
13,0,0,stable
14,0,0,stable
15,0,0,stable
16,0,0,stable
1,0,0,covariate
2,0,0,covariate
3,0,0,covariate
4,0,0,covariate
5,1,0,covariate
6,1,0,covariate
7,1,0,covariate
8,1,0,covariate
9,2,0,covariate
10,2,0,covariate
11,2,0,covariate
12,2,0,covariate
13,3,0,covariate
14,3,0,covariate
15,3,0,covariate
16,3,0,covariate
1,0,0,concept
2,0,0,concept
3,0,0,concept
4,0,0,concept
5,0,1,concept
6,0,1,concept
7,0,1,concept
8,0,1,concept
9,0,2,concept
10,0,2,concept
11,0,2,concept
12,0,2,concept
13,0,3,concept
14,0,3,concept
15,0,3,concept
16,0,3,concept
1,0,0,combined
2,0,0,combined
3,0,0,combined
4,0,0,combined
5,1,0,combined
6,1,0,combined
7,1,1,combined
8,1,1,combined
9,2,1,combined
10,2,1,combined
11,2,2,combined
12,2,2,combined
13,3,2,combined
14,3,2,combined
15,3,3,combined
16,3,3,combined
